Team,País,#,POS,Player name (MD),Nombre ANTERIOR,Nombre NUEVO,Cambió?,First name(s),Last name(s),Name on shirt,externalRef,Observación,Nombre corregido sugerido
ALG,Algeria,1,GK,MASTIL Melvin,Melvin Mastil,Mastil Melvin,SI,Melvin Feycal,MASTIL,MASTIL,wc2026-ALG-1,Cambio de nombre,
ALG,Algeria,2,DF,MANDI Aissa,Aissa Mandi,Mandi Aissa,SI,Aissa,MANDI,MANDI,wc2026-ALG-2,Cambio de nombre,
ALG,Algeria,3,DF,ABADA Achraf,Achraf Abada,Abada Achraf,SI,Achraf,ABADA,ABADA,wc2026-ALG-3,Cambio de nombre,
ALG,Algeria,4,DF,TOUGAI Mohamed Amine,Mohamed Tougai,Tougai Mohamed Amine,SI,Mohamed Amine,TOUGAI,TOUGAI,wc2026-ALG-4,Cambio de nombre,
ALG,Algeria,5,DF,BELAID Zineddine,Zineddine Belaid,Belaid Zineddine,SI,Zineddine,BELAÏD,BELAID,wc2026-ALG-5,Cambio de nombre,
ALG,Algeria,6,MF,ZERROUKI Ramiz,Ramiz Zerrouki,Zerrouki Ramiz,SI,Ramiz Larbi,ZERROUKI,ZERROUKI,wc2026-ALG-6,Cambio de nombre,
ALG,Algeria,7,FW,MAHREZ Riyad,Riyad Mahrez,Mahrez Riyad,SI,Riyad Karim,MAHREZ,MAHREZ,wc2026-ALG-7,Cambio de nombre,
ALG,Algeria,8,MF,AOUAR Houssem,Houssem-eddine Aouar,Aouar Houssem,SI,Houssem-Eddine Chaabane,AOUAR,AOUAR,wc2026-ALG-8,Cambio de nombre,
ALG,Algeria,9,FW,GOUIRI Amine,Amine Gouiri,Gouiri Amine,SI,Amine Ferid,GHOUIRI,GOUIRI,wc2026-ALG-9,Cambio de nombre,
ALG,Algeria,10,MF,CHAIBI Fares,Fares Chaibi,Chaibi Fares,SI,Fares,CHAIBI,CHAIBI,wc2026-ALG-10,Cambio de nombre,
ALG,Algeria,11,FW,HADJ MOUSSA Anis,Hadj Moussa,Hadj Moussa Anis,SI,Anis,HADJ MOUSSA,HADJ MOUSSA,wc2026-ALG-11,Cambio de nombre,
ALG,Algeria,12,FW,BENBOUALI Nadhir,Ahmed Benbouali,Benbouali Nadhir,SI,Ahmed Nadhir,BENBOUALI,BENBOUALI,wc2026-ALG-12,Cambio de nombre,
ALG,Algeria,13,DF,HADJAM Jaouen,Jaouen Hadjam,Hadjam Jaouen,SI,Jaouen Djimmy,HADJAM,HADJAM,wc2026-ALG-13,Cambio de nombre,
ALG,Algeria,14,MF,BOUDAOUI Hicham,Hicham Boudaoui,Boudaoui Hicham,SI,Hicham,BOUDAOUI,BOUDAOUI,wc2026-ALG-14,Cambio de nombre,
ALG,Algeria,15,DF,AIT-NOURI Rayan,Aït Nouri,Ait-nouri Rayan,SI,Rayan,AÏT-NOURI,AÏT NOURI,wc2026-ALG-15,Cambio de nombre,
ALG,Algeria,16,GK,BENBOT Oussama,Oussama Benbot,Benbot Oussama,SI,Oussama,BENBOT,BENBOT,wc2026-ALG-16,Cambio de nombre,
ALG,Algeria,17,DF,BELGHALI Rafik,Rafik Belghali,Belghali Rafik,SI,Rafik,BELGHALI,BELGHALI,wc2026-ALG-17,Cambio de nombre,
ALG,Algeria,18,FW,AMOURA Mohamed,Mohammed Amoura,Amoura Mohamed,SI,Mohammed Elamine,AMOURA,AMOURA,wc2026-ALG-18,Cambio de nombre,
ALG,Algeria,19,MF,BENTALEB Nabil,Nabil Bentaleb,Bentaleb Nabil,SI,Nabil,BENTALEB,BENTALEB,wc2026-ALG-19,Cambio de nombre,
ALG,Algeria,20,FW,BOULBINA Adil,Adil Boulbina,Boulbina Adil,SI,Adil,BOULBINA,BOULBINA,wc2026-ALG-20,Cambio de nombre,
ALG,Algeria,21,DF,BENSEBAINI Ramy,Amir Bensebaini,Bensebaini Ramy,SI,Amir Selmane Rami,BENSEBAINI,BENSEBAINI,wc2026-ALG-21,Cambio de nombre,
ALG,Algeria,22,MF,MAZA Ibrahim,Ibrahim Maza,Maza Ibrahim,SI,Ibrahim,MAZA,MAZA,wc2026-ALG-22,Cambio de nombre,
ALG,Algeria,23,GK,ZIDANE Luca,Luca Zidane,Zidane Luca,SI,Luca Zinedine,ZIDANE,ZIDANE,wc2026-ALG-23,Cambio de nombre,
ALG,Algeria,24,MF,TITRAOUI Yassine,Yassine Titraoui,Titraoui Yassine,SI,Yassine M E G,TITRAOUI,TITRAOUI,wc2026-ALG-24,Cambio de nombre,
ALG,Algeria,25,FW,GHEDJEMIS Fares,Fares Ghedjemis,Ghedjemis Fares,SI,Fares,GHEDJEMIS,GHEDJEMIS,wc2026-ALG-25,Cambio de nombre,
ALG,Algeria,26,DF,CHERGUI Samir,Samir Chrgui,Chergui Samir,SI,Samir Sophian,CHERGUI,CHRGUI,wc2026-ALG-26,Cambio de nombre,
ARG,Argentina,1,GK,MUSSO Juan,Juan Musso,Musso Juan,SI,Juan Agustín,MUSSO,MUSSO,wc2026-ARG-1,Cambio de nombre,
ARG,Argentina,2,DF,BALERDI Leonardo,Leonardo Balerdi,Balerdi Leonardo,SI,Leonardo Julián,BALERDI ROSA,BALERDI,wc2026-ARG-2,Cambio de nombre,
ARG,Argentina,3,DF,TAGLIAFICO Nicolas,Nicolás Tagliafico,Tagliafico Nicolas,SI,Nicolás Alejandro,TAGLIAFICO,TAGLIAFICO,wc2026-ARG-3,Cambio de nombre,
ARG,Argentina,4,DF,MONTIEL Gonzalo,Gonzalo Montiel,Montiel Gonzalo,SI,Gonzalo Ariel,MONTIEL,MONTIEL,wc2026-ARG-4,Cambio de nombre,
ARG,Argentina,5,MF,PAREDES Leandro,Leandro Paredes,Paredes Leandro,SI,Leandro Daniel,PAREDES,PAREDES,wc2026-ARG-5,Cambio de nombre,
ARG,Argentina,6,DF,MARTINEZ Lisandro,Lisandro Martínez,Martinez Lisandro,SI,Lisandro,MARTÍNEZ,MARTÍNEZ,wc2026-ARG-6,Cambio de nombre,
ARG,Argentina,7,MF,DE PAUL Rodrigo,De Paul,De Paul Rodrigo,SI,Rodrigo Javier,DE PAUL,DE PAUL,wc2026-ARG-7,Cambio de nombre,
ARG,Argentina,8,MF,BARCO Valentin,Valentin Barco,Barco Valentin,SI,Valentin,BARCO,BARCO,wc2026-ARG-8,Cambio de nombre,
ARG,Argentina,9,FW,ALVAREZ Julian,J. Alvarez,Alvarez Julian,SI,Julián,ÁLVAREZ,J. ALVAREZ,wc2026-ARG-9,Cambio de nombre,
ARG,Argentina,10,FW,MESSI Lionel,Lionel Messi,Messi Lionel,SI,Lionel Andrés,MESSI,MESSI,wc2026-ARG-10,Cambio de nombre,
ARG,Argentina,11,MF,LO CELSO Giovani,Lo Celso,Lo Celso Giovani,SI,Giovani,LO CELSO,LO CELSO,wc2026-ARG-11,Cambio de nombre,
ARG,Argentina,12,GK,RULLI Geronimo,Geronimo Rulli,Rulli Geronimo,SI,Geronimo,RULLI,RULLI,wc2026-ARG-12,Cambio de nombre,
ARG,Argentina,13,DF,ROMERO Cristian,Cristian Romero,Romero Cristian,SI,Cristian Gabriel,ROMERO,ROMERO,wc2026-ARG-13,Cambio de nombre,
ARG,Argentina,14,MF,PALACIOS Exequiel,Exequiel Palacios,Palacios Exequiel,SI,Exequiel Alejandro,PALACIOS,PALACIOS,wc2026-ARG-14,Cambio de nombre,
ARG,Argentina,15,MF,GONZALEZ Nico,N. Gonzalez,Gonzalez Nico,SI,Nicolas Ivan,GONZALEZ,N. GONZALEZ,wc2026-ARG-15,Cambio de nombre,
ARG,Argentina,16,FW,ALMADA Thiago,Thiago Almada,Almada Thiago,SI,Thiago Ezequiel,ALMADA,ALMADA,wc2026-ARG-16,Cambio de nombre,
ARG,Argentina,17,FW,SIMEONE Giuliano,Giuliano Simeone,Simeone Giuliano,SI,Giuliano,SIMEONE,SIMEONE,wc2026-ARG-17,Cambio de nombre,
ARG,Argentina,18,FW,PAZ Nico,Nico Paz,Paz Nico,SI,Nicolas,PAZ MARTÍNEZ,NICO PAZ,wc2026-ARG-18,Cambio de nombre,
ARG,Argentina,19,DF,OTAMENDI Nicolas,Nicolas Otamendi,Otamendi Nicolas,SI,Nicolas Hernan Gonzalo,OTAMENDI,OTAMENDI,wc2026-ARG-19,Cambio de nombre,
ARG,Argentina,20,MF,MAC ALLISTER Alexis,Mac Allister,Mac Allister Alexis,SI,Alexis,MAC ALLISTER,MAC ALLISTER,wc2026-ARG-20,Cambio de nombre,
ARG,Argentina,21,FW,LOPEZ Jose Manuel,Jose Lopez,Lopez Jose Manuel,SI,Jose Manuel Alberto,LOPEZ,LOPEZ,wc2026-ARG-21,Cambio de nombre,
ARG,Argentina,22,FW,MARTINEZ Lautaro,L. Martinez,Martinez Lautaro,SI,Lautaro Javier,MARTÍNEZ,L. MARTINEZ,wc2026-ARG-22,Cambio de nombre,
ARG,Argentina,23,GK,MARTINEZ Emiliano,E. Martinez,Martinez Emiliano,SI,Damián Emiliano,MARTÍNEZ,E. MARTINEZ,wc2026-ARG-23,Cambio de nombre,
ARG,Argentina,24,MF,FERNANDEZ Enzo,E. Fernandez,Fernandez Enzo,SI,Enzo Jeremías,FERNÁNDEZ,E. FERNANDEZ,wc2026-ARG-24,Cambio de nombre,
ARG,Argentina,25,DF,MEDINA Facundo,Facundo Medina,Medina Facundo,SI,Facundo Axel,MEDINA,MEDINA,wc2026-ARG-25,Cambio de nombre,
ARG,Argentina,26,DF,MOLINA Nahuel,Nahuel Molina,Molina Nahuel,SI,Nahuel,MOLINA LUCERO,MOLINA,wc2026-ARG-26,Cambio de nombre,
AUS,Australia,1,GK,RYAN Mathew,Mathew Ryan,Ryan Mathew,SI,Mathew David,RYAN,RYAN,wc2026-AUS-1,Cambio de nombre,
AUS,Australia,2,DF,DEGENEK Milos,Milos Degenek,Degenek Milos,SI,Milos,DEGENEK,DEGENEK,wc2026-AUS-2,Cambio de nombre,
AUS,Australia,3,DF,CIRCATI Alessandro,Alessandro Circati,Circati Alessandro,SI,Alessandro,CIRCATI,CIRCATI,wc2026-AUS-3,Cambio de nombre,
AUS,Australia,4,DF,ITALIANO Jacob,Jacob Italiano,Italiano Jacob,SI,Jacob Michael,ITALIANO,ITALIANO,wc2026-AUS-4,Cambio de nombre,
AUS,Australia,5,DF,BOS Jordan,Jordan Bos,Bos Jordan,SI,Jordan Jacob,BOS,BOS,wc2026-AUS-5,Cambio de nombre,
AUS,Australia,6,DF,GERIA Jason,Jason Geria,Geria Jason,SI,Jason Kato,GERIA,GERIA,wc2026-AUS-6,Cambio de nombre,
AUS,Australia,7,FW,LECKIE Mathew,Mathew Leckie,Leckie Mathew,SI,Mathew Allan,LECKIE,LECKIE,wc2026-AUS-7,Cambio de nombre,
AUS,Australia,8,MF,METCALFE Connor,Connor Metcalfe,Metcalfe Connor,SI,Connor Isaac,METCALFE,METCALFE,wc2026-AUS-8,Cambio de nombre,
AUS,Australia,9,FW,TOURE Mohamed,Mohamed Toure,Toure Mohamed,SI,Mohamed A,TOURE,TOURE,wc2026-AUS-9,Cambio de nombre,
AUS,Australia,10,FW,HRUSTIC Ajdin,Ajdin Hrustic,Hrustic Ajdin,SI,Ajdin,HRUSTIC,HRUSTIC,wc2026-AUS-10,Cambio de nombre,
AUS,Australia,11,FW,MABIL Awer,Awer Mabil,Mabil Awer,SI,Awer Bul,MABIL,MABIL,wc2026-AUS-11,Cambio de nombre,
AUS,Australia,12,GK,IZZO Paul,Paul Izzo,Izzo Paul,SI,Paul David,IZZO,IZZO,wc2026-AUS-12,Cambio de nombre,
AUS,Australia,13,MF,ONEILL Aiden,Aiden O'neill,Oneill Aiden,SI,Aiden Connor,O'NEILL,O'NEILL,wc2026-AUS-13,Cambio de nombre,
AUS,Australia,14,MF,DEVLIN Cameron,Cameron Devlin,Devlin Cameron,SI,Cameron Peter,DEVLIN,DEVLIN,wc2026-AUS-14,Cambio de nombre,
AUS,Australia,15,DF,TREWIN Kai,Kai Trewin,Trewin Kai,SI,Kai Clifton,TREWIN,TREWIN,wc2026-AUS-15,Cambio de nombre,
AUS,Australia,16,DF,BEHICH Aziz,Aziz Behich,Behich Aziz,SI,Aziz,BEHICH,BEHICH,wc2026-AUS-16,Cambio de nombre,
AUS,Australia,17,FW,IRANKUNDA Nestory,Nestory Irankunda,Irankunda Nestory,SI,Nestory,IRANKUNDA,IRANKUNDA,wc2026-AUS-17,Cambio de nombre,
AUS,Australia,18,GK,BEACH Patrick,Patrick Beach,Beach Patrick,SI,Patrick Thomas,BEACH,BEACH,wc2026-AUS-18,Cambio de nombre,
AUS,Australia,19,DF,SOUTTAR Harry,Harry Souttar,Souttar Harry,SI,Harry James,SOUTTAR,SOUTTAR,wc2026-AUS-19,Cambio de nombre,
AUS,Australia,20,FW,VOLPATO Cristian,Cristian Volpato,Volpato Cristian,SI,Cristian,VOLPATO,VOLPATO,wc2026-AUS-20,Cambio de nombre,
AUS,Australia,21,DF,BURGESS Cameron,Cameron Burgess,Burgess Cameron,SI,Cameron Robert,BURGESS,BURGESS,wc2026-AUS-21,Cambio de nombre,
AUS,Australia,22,MF,IRVINE Jackson,Jackson Irvine,Irvine Jackson,SI,Jackson Alexander,IRVINE,IRVINE,wc2026-AUS-22,Cambio de nombre,
AUS,Australia,23,FW,VELUPILLAY Nishan,Nishan Velupillay,Velupillay Nishan,SI,Nishan Matthew,VELUPILLAY,VELUPILLAY,wc2026-AUS-23,Cambio de nombre,
AUS,Australia,24,MF,OKON-ENGSTLER Paul,Paul Okon-engstler,Okon-engstler Paul,SI,Paul Michael Junior,OKON-ENGSTLER,OKON-ENGSTLER,wc2026-AUS-24,Cambio de nombre,
AUS,Australia,25,DF,HERRINGTON Lucas,Lucas Herrington,Herrington Lucas,SI,Lucas,HERRINGTON,HERRINGTON,wc2026-AUS-25,Cambio de nombre,
AUS,Australia,26,FW,YENGI Tete,Tete Yengi,Yengi Tete,SI,Tete Owen,YENGI,YENGI,wc2026-AUS-26,Cambio de nombre,
AUT,Austria,1,GK,SCHLAGER Alexander,Alexander Schlager,Schlager Alexander,SI,Alexander,SCHLAGER,SCHLAGER,wc2026-AUT-1,Cambio de nombre,
AUT,Austria,2,DF,AFFENGRUBER David,David Affengruber,Affengruber David,SI,David Leopold,AFFENGRUBER,AFFENGRUBER,wc2026-AUT-2,Cambio de nombre,
AUT,Austria,3,DF,DANSO Kevin,Kevin Danso,Danso Kevin,SI,Kevin,DANSO,DANSO,wc2026-AUT-3,Cambio de nombre,
AUT,Austria,4,MF,SCHLAGER Xaver,Xaver Schlager,Schlager Xaver,SI,Xaver,SCHLAGER,XAVER,wc2026-AUT-4,Cambio de nombre,
AUT,Austria,5,DF,POSCH Stefan,Stefan Posch,Posch Stefan,SI,Stefan,POSCH,POSCH,wc2026-AUT-5,Cambio de nombre,
AUT,Austria,6,MF,SEIWALD Nicolas,Nicolas Seiwald,Seiwald Nicolas,SI,Nicolas,SEIWALD,SEIWALD,wc2026-AUT-6,Cambio de nombre,
AUT,Austria,7,FW,ARNAUTOVIC Marko,Marko Arnautovic,Arnautovic Marko,SI,Marko,ARNAUTOVIC,ARNAUTOVIC,wc2026-AUT-7,Cambio de nombre,
AUT,Austria,8,DF,ALABA David,David Alaba,Alaba David,SI,David,ALABA,ALABA,wc2026-AUT-8,Cambio de nombre,
AUT,Austria,9,MF,SABITZER Marcel,Marcel Sabitzer,Sabitzer Marcel,SI,Marcel,SABITZER,SABITZER,wc2026-AUT-9,Cambio de nombre,
AUT,Austria,10,MF,GRILLITSCH Florian,Florian Grillitsch,Grillitsch Florian,SI,Florian,GRILLITSCH,GRILLITSCH,wc2026-AUT-10,Cambio de nombre,
AUT,Austria,11,FW,GREGORITSCH Michael,Michael Gregoritsch,Gregoritsch Michael,SI,Michael,GREGORITSCH,GREGORITSCH,wc2026-AUT-11,Cambio de nombre,
AUT,Austria,12,GK,WIEGELE Florian,Florian Wiegele,Wiegele Florian,SI,Florian,WIEGELE,WIEGELE,wc2026-AUT-12,Cambio de nombre,
AUT,Austria,13,GK,PENTZ Patrick,Patrick Pentz,Pentz Patrick,SI,Patrick,PENTZ,PENTZ,wc2026-AUT-13,Cambio de nombre,
AUT,Austria,14,FW,KALAJDZIC Sasa,Saša Kalajdzic,Kalajdzic Sasa,SI,Saša,KALAJDŽIĆ,KALAJDZIC,wc2026-AUT-14,Cambio de nombre,
AUT,Austria,15,DF,LIENHART Philipp,Philipp Lienhart,Lienhart Philipp,SI,Philipp,LIENHART,LIENHART,wc2026-AUT-15,Cambio de nombre,
AUT,Austria,16,DF,MWENE Phillip,Phillip Mwene,Mwene Phillip,SI,Phillip,MWENE,MWENE,wc2026-AUT-16,Cambio de nombre,
AUT,Austria,17,MF,CHUKWUEMEKA Carney,Carney Chukwuemeka,Chukwuemeka Carney,SI,Carney Chibueze,CHUKWUEMEKA,CHUKWUEMEKA,wc2026-AUT-17,Cambio de nombre,
AUT,Austria,18,MF,SCHMID Romano,Romano Schmid,Schmid Romano,SI,Romano,SCHMID,SCHMID,wc2026-AUT-18,Cambio de nombre,
AUT,Austria,19,MF,BAUMGARTNER Christoph,Christoph Baumgartner,Baumgartner Christoph,SI,Christoph,BAUMGARTNER,BAUMGARTNER,wc2026-AUT-19,Cambio de nombre,
AUT,Austria,20,MF,LAIMER Konrad,Konrad Laimer,Laimer Konrad,SI,Konrad,LAIMER,LAIMER,wc2026-AUT-20,Cambio de nombre,
AUT,Austria,21,FW,WIMMER Patrick,Patrick Wimmer,Wimmer Patrick,SI,Patrick,WIMMER,WIMMER,wc2026-AUT-21,Cambio de nombre,
AUT,Austria,22,MF,PRASS Alexander,Alexander Prass,Prass Alexander,SI,Alexander,PRASS,PRASS,wc2026-AUT-22,Cambio de nombre,
AUT,Austria,23,DF,FRIEDL Marco,Marco Friedl,Friedl Marco,SI,Marco,FRIEDL,FRIEDL,wc2026-AUT-23,Cambio de nombre,
AUT,Austria,24,MF,WANNER Paul,Paul Wanner,Wanner Paul,SI,Paul,WANNER,WANNER,wc2026-AUT-24,Cambio de nombre,
AUT,Austria,25,DF,SVOBODA Michael,Michael Svoboda,Svoboda Michael,SI,Michael,SVOBODA,SVOBODA,wc2026-AUT-25,Cambio de nombre,
AUT,Austria,26,MF,SCHOEPF Alessandro,Alessandro Schöpf,Schoepf Alessandro,SI,Alessandro Andre,SCHÖPF,SCHÖPF,wc2026-AUT-26,Cambio de nombre,
BEL,Belgium,1,GK,COURTOIS Thibaut,Thibaut Courtois,Courtois Thibaut,SI,Thibaut Nicolas M,COURTOIS,COURTOIS,wc2026-BEL-1,Cambio de nombre,
BEL,Belgium,2,DF,DEBAST Zeno,Zeno Debast,Debast Zeno,SI,Zeno Koen,DEBAST,DEBAST,wc2026-BEL-2,Cambio de nombre,
BEL,Belgium,3,DF,THEATE Arthur,Arthur Theate,Theate Arthur,SI,Arthur Nicolas R,THEATE,THEATE,wc2026-BEL-3,Cambio de nombre,
BEL,Belgium,4,DF,MECHELE Brandon,Brandon Mechele,Mechele Brandon,SI,Brandon Erik,MECHELE,MECHELE,wc2026-BEL-4,Cambio de nombre,
BEL,Belgium,5,DF,DE CUYPER Maxim,De Cuyper,De Cuyper Maxim,SI,Maxim Peter M,DE CUYPER,DE CUYPER,wc2026-BEL-5,Cambio de nombre,
BEL,Belgium,6,MF,WITSEL Axel,Axel Witsel,Witsel Axel,SI,Axel Laurent A,WITSEL,WITSEL,wc2026-BEL-6,Cambio de nombre,
BEL,Belgium,7,MF,DE BRUYNE Kevin,De Bruyne,De Bruyne Kevin,SI,Kevin,DE BRUYNE,DE BRUYNE,wc2026-BEL-7,Cambio de nombre,
BEL,Belgium,8,MF,TIELEMANS Youri,Youri Tielemans,Tielemans Youri,SI,Youri Marion A,TIELEMANS,TIELEMANS,wc2026-BEL-8,Cambio de nombre,
BEL,Belgium,9,FW,LUKAKU Romelu,Romelu Lukaku,Lukaku Romelu,SI,Romelu,LUKAKU BOLINGOLI,LUKAKU,wc2026-BEL-9,Cambio de nombre,
BEL,Belgium,10,FW,TROSSARD Leandro,Leandro Trossard,Trossard Leandro,SI,Leandro,TROSSARD,TROSSARD,wc2026-BEL-10,Cambio de nombre,
BEL,Belgium,11,FW,DOKU Jeremy,Jeremy Doku,Doku Jeremy,SI,Jeremy Baffour,DOKU,DOKU,wc2026-BEL-11,Cambio de nombre,
BEL,Belgium,12,GK,LAMMENS Senne,Senne Lammens,Lammens Senne,SI,Senne,LAMMENS,LAMMENS,wc2026-BEL-12,Cambio de nombre,
BEL,Belgium,13,GK,PENDERS Mike,Mike Penders,Penders Mike,SI,Mike Louis,PENDERS,PENDERS,wc2026-BEL-13,Cambio de nombre,
BEL,Belgium,14,FW,LUKEBAKIO Dodi,Dodi Lukebakio,Lukebakio Dodi,SI,Dodi,LUKEBAKIO NGANDOLI,LUKEBAKIO,wc2026-BEL-14,Cambio de nombre,
BEL,Belgium,15,DF,MEUNIER Thomas,Thomas Meunier,Meunier Thomas,SI,Thomas Andre A,MEUNIER,MEUNIER,wc2026-BEL-15,Cambio de nombre,
BEL,Belgium,16,DF,DE WINTER Koni,De Winter,De Winter Koni,SI,Koni,DE WINTER,DE WINTER,wc2026-BEL-16,Cambio de nombre,
BEL,Belgium,17,FW,DE KETELAERE Charles,De Ketelaere,De Ketelaere Charles,SI,Charles Marc S,DE KETELAERE,DE KETELAERE,wc2026-BEL-17,Cambio de nombre,
BEL,Belgium,18,DF,SEYS Joaquin,Joaquin Seys,Seys Joaquin,SI,Joaquin Ronny,SEYS,SEYS,wc2026-BEL-18,Cambio de nombre,
BEL,Belgium,19,MF,MOREIRA Diego,Diego Moreira,Moreira Diego,SI,Diego Manuel J,DA SILVA MOREIRA,MOREIRA,wc2026-BEL-19,Cambio de nombre,
BEL,Belgium,20,MF,VANAKEN Hans,Hans Vanaken,Vanaken Hans,SI,Hans,VANAKEN,VANAKEN,wc2026-BEL-20,Cambio de nombre,
BEL,Belgium,21,DF,CASTAGNE Timothy,Timothy Castagne,Castagne Timothy,SI,Timothy,CASTAGNE,CASTAGNE,wc2026-BEL-21,Cambio de nombre,
BEL,Belgium,22,MF,SAELEMAEKERS Alexis,Alexis Saelemaekers,Saelemaekers Alexis,SI,Alexis Jesse M,SAELEMAEKERS,SAELEMAEKERS,wc2026-BEL-22,Cambio de nombre,
BEL,Belgium,23,MF,RASKIN Nicolas,Nicolas Raskin,Raskin Nicolas,SI,Nicolas Thierry Y,RASKIN,RASKIN,wc2026-BEL-23,Cambio de nombre,
BEL,Belgium,24,MF,ONANA Amadou,Amadou Onana,Onana Amadou,SI,Amadou Ba Z,MVOM ONANA,ONANA,wc2026-BEL-24,Cambio de nombre,
BEL,Belgium,25,DF,NGOY Nathan,Nathan Ngoy,Ngoy Nathan,SI,Nathan,NGOY,NGOY,wc2026-BEL-25,Cambio de nombre,
BEL,Belgium,26,FW,FERNANDEZ-PARDO Matias,Matias Fernandez-pardo,Fernandez-pardo Matias,SI,Matias,FERNANDEZ-PARDO,FERNANDEZ-PARDO,wc2026-BEL-26,Cambio de nombre,
BIH,Bosnia-Herzegovina,1,GK,VASILJ Nikola,Nikola Vasilj,Vasilj Nikola,SI,Nikola,VASILJ,VASILJ,wc2026-BIH-1,Cambio de nombre,
BIH,Bosnia-Herzegovina,2,DF,MUJAKIC Nihad,Nihad Mujakić,Mujakic Nihad,SI,Nihad,MUJAKIC,MUJAKIĆ,wc2026-BIH-2,Cambio de nombre,
BIH,Bosnia-Herzegovina,3,DF,HADZIKADUNIC Dennis,Dennis Hadžikadunić,Hadzikadunic Dennis,SI,Dennis,HADŽIKADUNIĆ,HADŽIKADUNIĆ,wc2026-BIH-3,Cambio de nombre,
BIH,Bosnia-Herzegovina,4,DF,MUHAREMOVIC Tarik,Tarik Muharemović,Muharemovic Tarik,SI,Tarik,MUHAREMOVIC,MUHAREMOVIĆ,wc2026-BIH-4,Cambio de nombre,
BIH,Bosnia-Herzegovina,5,DF,KOLASINAC Sead,Sead Kolašinac,Kolasinac Sead,SI,Sead,KOLAŠINAC,KOLAŠINAC,wc2026-BIH-5,Cambio de nombre,
BIH,Bosnia-Herzegovina,6,MF,TAHIROVIC Benjamin,Benjamin Tahirović,Tahirovic Benjamin,SI,Benjamin,TAHIROVIC,TAHIROVIĆ,wc2026-BIH-6,Cambio de nombre,
BIH,Bosnia-Herzegovina,7,DF,DEDIC Amar,Amar Dedić,Dedic Amar,SI,Amar,DEDIC,DEDIĆ,wc2026-BIH-7,Cambio de nombre,
BIH,Bosnia-Herzegovina,8,MF,GIGOVIC Armin,Armin Gigović,Gigovic Armin,SI,Armin,GIGOVIC,GIGOVIĆ,wc2026-BIH-8,Cambio de nombre,
BIH,Bosnia-Herzegovina,9,FW,BAZDAR Samed,Samed Baždar,Bazdar Samed,SI,Samed,BAŽDAR,BAŽDAR,wc2026-BIH-9,Cambio de nombre,
BIH,Bosnia-Herzegovina,10,FW,DEMIROVIC Ermedin,Ermedin Demirović,Demirovic Ermedin,SI,Ermedin,DEMIROVIĆ,DEMIROVIĆ,wc2026-BIH-10,Cambio de nombre,
BIH,Bosnia-Herzegovina,11,FW,DZEKO Edin,Edin Džeko,Dzeko Edin,SI,Edin,DŽEKO,DŽEKO,wc2026-BIH-11,Cambio de nombre,
BIH,Bosnia-Herzegovina,12,GK,JURKAS Mladen,Mladen Jurkas,Jurkas Mladen,SI,Mladen,JURKAS,JURKAS,wc2026-BIH-12,Cambio de nombre,
BIH,Bosnia-Herzegovina,13,MF,BASIC Ivan,Ivan Bašić,Basic Ivan,SI,Ivan,BASIC,BAŠIĆ,wc2026-BIH-13,Cambio de nombre,
BIH,Bosnia-Herzegovina,14,MF,SUNJIC Ivan,Ivan Šunjić,Sunjic Ivan,SI,Ivan,ŠUNJIĆ,ŠUNJIĆ,wc2026-BIH-14,Cambio de nombre,
BIH,Bosnia-Herzegovina,15,MF,MEMIC Amar,Amar Memić,Memic Amar,SI,Amar,MEMIĆ,MEMIĆ,wc2026-BIH-15,Cambio de nombre,
BIH,Bosnia-Herzegovina,16,MF,HADZIAHMETOVIC Amir,Amir Hadžiahmetović,Hadziahmetovic Amir,SI,Amir,HADŽIAHMETOVIĆ,HADŽIAHMETOVIĆ,wc2026-BIH-16,Cambio de nombre,
BIH,Bosnia-Herzegovina,17,MF,BURNIC Dzenis,Dženis Burnić,Burnic Dzenis,SI,Dženis,BURNIĆ,BURNIĆ,wc2026-BIH-17,Cambio de nombre,
BIH,Bosnia-Herzegovina,18,DF,KATIC Nikola,Nikola Katić,Katic Nikola,SI,Nikola,KATIC,KATIĆ,wc2026-BIH-18,Cambio de nombre,
BIH,Bosnia-Herzegovina,19,FW,ALAJBEGOVIC Kerim,Kerim Alajbegović,Alajbegovic Kerim,SI,Kerim,ALAJBEGOVIC,ALAJBEGOVIĆ,wc2026-BIH-19,Cambio de nombre,
BIH,Bosnia-Herzegovina,20,FW,BAJRAKTAREVIC Esmir,Esmir Bajraktarević,Bajraktarevic Esmir,SI,Esmir,BAJRAKTAREVIC,BAJRAKTAREVIĆ,wc2026-BIH-20,Cambio de nombre,
BIH,Bosnia-Herzegovina,21,DF,RADELJIC Stjepan,Stjepan Radeljić,Radeljic Stjepan,SI,Stjepan,RADELJIC,RADELJIĆ,wc2026-BIH-21,Cambio de nombre,
BIH,Bosnia-Herzegovina,22,GK,ZLOMISLIC Martin,Martin Zlomislić,Zlomislic Martin,SI,Martin,ZLOMISLIC,ZLOMISLIĆ,wc2026-BIH-22,Cambio de nombre,
BIH,Bosnia-Herzegovina,23,FW,TABAKOVIC Haris,Haris Tabaković,Tabakovic Haris,SI,Haris,TABAKOVIC,TABAKOVIĆ,wc2026-BIH-23,Cambio de nombre,
BIH,Bosnia-Herzegovina,24,DF,CELIK Nidal,Nidal Čelik,Celik Nidal,SI,Nidal,CELIK,ČELIK,wc2026-BIH-24,Cambio de nombre,
BIH,Bosnia-Herzegovina,25,FW,LUKIC Jovo,Jovo Lukić,Lukic Jovo,SI,Jovo,LUKIC,LUKIĆ,wc2026-BIH-25,Cambio de nombre,
BIH,Bosnia-Herzegovina,26,MF,MAHMIC Ermin,Ermin Mahmić,Mahmic Ermin,SI,Ermin,MAHMIĆ,MAHMIĆ,wc2026-BIH-26,Cambio de nombre,
BRA,Brazil,1,GK,ALISSON,A. Becker,Alisson,SI,Álisson Ramsés,BECKER,A. BECKER,wc2026-BRA-1,Cambio de nombre,
BRA,Brazil,2,DF,WESLEY,Wesley Lima,Wesley,SI,Wesley,VINÍCIUS FRANÇA LIMA,WESLEY,wc2026-BRA-2,Cambio de nombre,
BRA,Brazil,3,DF,GABRIEL MAGALHAES,Gabriel Magalhães,Gabriel Magalhaes,SI,Gabriel,DOS SANTOS MAGALHÃES,GABRIEL,wc2026-BRA-3,Cambio de nombre,
BRA,Brazil,4,DF,MARQUINHOS,Marcos Marquinhos,Marquinhos,SI,Marcos,AOAS CORREA,MARQUINHOS,wc2026-BRA-4,Cambio de nombre,
BRA,Brazil,5,MF,CASEMIRO,Carlos Casemiro,Casemiro,SI,Carlos Henrique,CASIMIRO,CASEMIRO,wc2026-BRA-5,Cambio de nombre,
BRA,Brazil,6,DF,ALEX SANDRO,Alex Sandro,Alex Sandro,,Alex Sandro,LOBO SILVA,ALEX SANDRO,wc2026-BRA-6,,
BRA,Brazil,7,FW,VINICIUS JUNIOR,Vini Jr.,Vinicius Junior,SI,Vinicius José,PAIXÃO DE OLIVEIRA JÚNIOR,VINI JR.,wc2026-BRA-7,Cambio de nombre,
BRA,Brazil,8,MF,BRUNO GUIMARAES,Bruno G.,Bruno Guimaraes,SI,Bruno,GUIMARÃES RODRIGUEZ MOURA,BRUNO G.,wc2026-BRA-8,Cambio de nombre,
BRA,Brazil,9,FW,MATHEUS CUNHA,Matheus Cunha,Matheus Cunha,,Matheus,SANTOS CARNEIRO DA CUNHA,CUNHA,wc2026-BRA-9,,
BRA,Brazil,10,FW,NEYMAR JR,Neymar Jr,Neymar Jr,,Neymar,DA SILVA SANTOS JÚNIOR,NEYMAR JR,wc2026-BRA-10,,
BRA,Brazil,11,FW,RAPHINHA,Raphael Raphinha,Raphinha,SI,Raphael,DIAS BELLOLI,RAPHINHA,wc2026-BRA-11,Cambio de nombre,
BRA,Brazil,12,GK,WEVERTON,Weverton Silva,Weverton,SI,Weverton,PEREIRA DA SILVA,WEVERTON,wc2026-BRA-12,Cambio de nombre,
BRA,Brazil,13,DF,DANILO,Danilo Silva,Danilo,SI,Danilo Luiz,DA SILVA,DANILO,wc2026-BRA-13,Cambio de nombre,
BRA,Brazil,14,DF,BREMER,Gleison Nascimento,Bremer,SI,Gleison Bremer,SILVA NASCIMENTO,BREMER,wc2026-BRA-14,Cambio de nombre,
BRA,Brazil,15,DF,LEO PEREIRA,Leo Pereira,Leo Pereira,,Leonardo,PEREIRA,LEO PEREIRA,wc2026-BRA-15,,
BRA,Brazil,16,DF,DOUGLAS SANTOS,Douglas Santos,Douglas Santos,,Douglas,DOS SANTOS JUSTINO DE MELO,DOUGLAS SANTOS,wc2026-BRA-16,,
BRA,Brazil,17,MF,FABINHO,Fabio Fabinho,Fabinho,SI,Fabio Henrique,TAVARES,FABINHO,wc2026-BRA-17,Cambio de nombre,
BRA,Brazil,18,MF,DANILO SANTOS,Danilo S.,Danilo Santos,SI,Danilo,DOS SANTOS DE OLIVEIRA,DANILO S.,wc2026-BRA-18,Cambio de nombre,
BRA,Brazil,19,FW,ENDRICK,Endrick Pessoa,Endrick,SI,Endrick Felipe,MOREIRA DE SOUSA PESSOA,ENDRICK,wc2026-BRA-19,Cambio de nombre,
BRA,Brazil,20,MF,LUCAS PAQUETA,L. Paqueta,Lucas Paqueta,SI,Lucas,TOLENTINO COELHO DE LIMA,L. PAQUETA,wc2026-BRA-20,Cambio de nombre,
BRA,Brazil,21,FW,LUIZ HENRIQUE,L. Henrique,Luiz Henrique,SI,Luiz Henrique André,ROSA DA SILVA,L. HENRIQUE,wc2026-BRA-21,Cambio de nombre,
BRA,Brazil,22,FW,GABRIEL MARTINELLI,Gabriel Martinelli,Gabriel Martinelli,,Gabriel,TEODORO MARTINELLI SILVA,MARTINELLI,wc2026-BRA-22,,
BRA,Brazil,23,GK,EDERSON,Ederson Moraes,Ederson,SI,Ederson,SANTANA DE MORAES,EDERSON,wc2026-BRA-23,Cambio de nombre,
BRA,Brazil,24,DF,ROGER IBANEZ,Roger Ibañez,Roger Ibanez,SI,Roger,IBAÑEZ DA SILVA,IBAÑEZ,wc2026-BRA-24,Cambio de nombre,
BRA,Brazil,25,FW,IGOR THIAGO,Igor Rodrigues,Igor Thiago,SI,Igor Thiago,NASCIMENTO RODRIGUES,THIAGO,wc2026-BRA-25,Cambio de nombre,
BRA,Brazil,26,FW,RAYAN,Rayan Rocha,Rayan,SI,Rayan Vitor,SIMPLICIO ROCHA,RAYAN,wc2026-BRA-26,Cambio de nombre,
CPV,Cabo Verde,1,GK,VOZINHA,Josimar Vozinha,Vozinha,SI,Josimar José,ÉVORA DIAS,VOZINHA,wc2026-CPV-1,Cambio de nombre,
CPV,Cabo Verde,2,DF,STOPIRA,Ianique Stopira,Stopira,SI,Ianique,DOS SANTOS TAVARES,STOPIRA,wc2026-CPV-2,Cambio de nombre,
CPV,Cabo Verde,3,DF,DINEY BORGES,Edilson Borges,Diney Borges,SI,Edilson Alberto,MONTEIRO SANCHES BORGES,BORGES,wc2026-CPV-3,Cambio de nombre,
CPV,Cabo Verde,4,DF,PICO LOPES,Roberto Lopes,Pico Lopes,SI,Roberto Carlos,LOPES,LOPES,wc2026-CPV-4,Cambio de nombre,
CPV,Cabo Verde,5,DF,LOGAN COSTA,Logan Costa,Logan Costa,,Logan Evans,COSTA,LOGAN,wc2026-CPV-5,,
CPV,Cabo Verde,6,MF,KEVIN PINA,Kevin L.,Kevin Pina,SI,Kevin Lenini,GONÇALVES PEREIRA DE PINA,KEVIN L.,wc2026-CPV-6,Cambio de nombre,
CPV,Cabo Verde,7,MF,JOVANE CABRAL,Jovane Cabral,Jovane Cabral,,Jovane Eduardo,BORGES CABRAL,JOVANE,wc2026-CPV-7,,
CPV,Cabo Verde,8,MF,JOAO PAULO,João Paulo,Joao Paulo,SI,João Paulo,MOREIRA FERNANDES,JOÃO PAULO,wc2026-CPV-8,Cambio de nombre,
CPV,Cabo Verde,9,FW,GILSON BENCHIMOL,Gilson Benchimol,Gilson Benchimol,,Gilson,BENCHIMOL TAVARES,BENCHIMOL,wc2026-CPV-9,,
CPV,Cabo Verde,10,MF,JAMIRO MONTEIRO,Jamiro Monteiro,Jamiro Monteiro,,Jamiro Gregory,MONTEIRO ALVARENGA,MONTEIRO,wc2026-CPV-10,,
CPV,Cabo Verde,11,MF,GARRY RODRIGUES,Garry Rodrigues,Garry Rodrigues,,Garry,MENDES RODRIGUES,RODRIGUES,wc2026-CPV-11,,
CPV,Cabo Verde,12,GK,MARCIO ROSA,Márcio Marcio,Marcio Rosa,SI,Márcio Salomão,BRAZÃO DA ROSA,MARCIO,wc2026-CPV-12,Cambio de nombre,
CPV,Cabo Verde,13,DF,SIDNY LOPES CABRAL,Lopes Cabral,Sidny Lopes Cabral,SI,Sidny,LOPES CABRAL,LOPES CABRAL,wc2026-CPV-13,Cambio de nombre,
CPV,Cabo Verde,14,MF,DEROY DUARTE,D. Duarte,Deroy Duarte,SI,Deroy,D'ENCARNAÇÃO DUARTE,D. DUARTE,wc2026-CPV-14,Cambio de nombre,
CPV,Cabo Verde,15,MF,LAROS DUARTE,Laros Duarte,Laros Duarte,,Laros Michael,D'ENCARNAÇÃO DUARTE,DUARTE,wc2026-CPV-15,,
CPV,Cabo Verde,16,MF,YANNICK SEMEDO,Y. Semedo,Yannick Semedo,SI,Jair,SEMEDO MONTEIRO,Y. SEMEDO,wc2026-CPV-16,Cambio de nombre,
CPV,Cabo Verde,17,MF,WILLY SEMEDO,Willy Semedo,Willy Semedo,,Willy Johnson,SEMEDO AFONSO,SEMEDO,wc2026-CPV-17,,
CPV,Cabo Verde,18,MF,TELMO ARCANJO,Telmo Arcanjo,Telmo Arcanjo,,Telmo Emanuel,GOMES ARCANJO,ARCANJO,wc2026-CPV-18,,
CPV,Cabo Verde,19,FW,DAILON LIVRAMENTO,Dailon Livramento,Dailon Livramento,,Dailon,ROCHA LIVRAMENTO,LIVRAMENTO,wc2026-CPV-19,,
CPV,Cabo Verde,20,FW,RYAN MENDES,Ryan Mendes,Ryan Mendes,,Ryan Isaac,DA GRACA MENDES,RYAN,wc2026-CPV-20,,
CPV,Cabo Verde,21,MF,NUNO DA COSTA,Da Costa,Nuno Da Costa,SI,Nuno Miguel,DA COSTA JOIA,DA COSTA,wc2026-CPV-21,Cambio de nombre,
CPV,Cabo Verde,22,DF,STEVEN MOREIRA,Steven Moreira,Steven Moreira,,Steven,MOREIRA,MOREIRA,wc2026-CPV-22,,
CPV,Cabo Verde,23,GK,CJ DOS SANTOS,Dos Santos,Cj Dos Santos,SI,Carlos Joaquim,ANTUNES DOS SANTOS,DOS SANTOS,wc2026-CPV-23,Cambio de nombre,
CPV,Cabo Verde,24,DF,WAGNER PINA,Wagner P.,Wagner Pina,SI,Wagner Fabricio,CARDOSO DE PINA,WAGNER P.,wc2026-CPV-24,Cambio de nombre,
CPV,Cabo Verde,25,DF,KELVIN PIRES,Kelvin Pires,Kelvin Pires,,Kelvin,SPENCER PIRES,KELVIN,wc2026-CPV-25,,
CPV,Cabo Verde,26,MF,HELIO VARELA,Hélio Varela,Helio Varela,SI,Hélio Sandro,OLIVEIRA ALVES VARELA,HÉLIO,wc2026-CPV-26,Cambio de nombre,
CAN,Canada,1,GK,ST. CLAIR Dayne,St. Clair,St. Clair Dayne,SI,Dayne Tristan,ST. CLAIR,ST. CLAIR,wc2026-CAN-1,Cambio de nombre,
CAN,Canada,2,DF,JOHNSTON Alistair,Alistair Johnston,Johnston Alistair,SI,Alistair William,JOHNSTON,JOHNSTON,wc2026-CAN-2,Cambio de nombre,
CAN,Canada,3,DF,JONES Alfie,Alfie Jones,Jones Alfie,SI,Alfie Charles,JONES,JONES,wc2026-CAN-3,Cambio de nombre,
CAN,Canada,4,DF,DE FOUGEROLLES Luc,De Fougerolles,De Fougerolles Luc,SI,Luc,ROLLET DE FOUGEROLLES,DE FOUGEROLLES,wc2026-CAN-4,Cambio de nombre,
CAN,Canada,5,DF,WATERMAN Joel,Joel Waterman,Waterman Joel,SI,Joel Robert,WATERMAN,WATERMAN,wc2026-CAN-5,Cambio de nombre,
CAN,Canada,6,MF,CHOINIERE Mathieu,Mathieu Choinière,Choiniere Mathieu,SI,Mathieu,CHOINIÈRE,CHOINIÈRE,wc2026-CAN-6,Cambio de nombre,
CAN,Canada,7,MF,EUSTAQUIO Stephen,Stephen Eustàquio,Eustaquio Stephen,SI,Stephen,ANTUNES EUSTÁQUIO,EUSTÀQUIO,wc2026-CAN-7,Cambio de nombre,
CAN,Canada,8,MF,KONE Ismael,Ismael Koné,Kone Ismael,SI,Ismael Kenneth Jordan,KONÉ,KONÉ,wc2026-CAN-8,Cambio de nombre,
CAN,Canada,9,FW,LARIN Cyle,Cyle Larin,Larin Cyle,SI,Cyle Christopher,LARIN,LARIN,wc2026-CAN-9,Cambio de nombre,
CAN,Canada,10,FW,DAVID Jonathan,J. David,David Jonathan,SI,Jonathan Christian,DAVID,J. DAVID,wc2026-CAN-10,Cambio de nombre,
CAN,Canada,11,MF,MILLAR Liam,Liam Millar,Millar Liam,SI,Liam Alan,MILLAR,MILLAR,wc2026-CAN-11,Cambio de nombre,
CAN,Canada,12,FW,OLUWASEYI Tani,Tanitoluwa Oluwaseyi,Oluwaseyi Tani,SI,Tanitoluwa Oluwatimilehin,OLUWASEYI,OLUWASEYI,wc2026-CAN-12,Cambio de nombre,
CAN,Canada,13,DF,CORNELIUS Derek,Derek Cornelius,Cornelius Derek,SI,Derek Austin,CORNELIUS,CORNELIUS,wc2026-CAN-13,Cambio de nombre,
CAN,Canada,14,MF,SHAFFELBURG Jacob,Jacob Shaffelburg,Shaffelburg Jacob,SI,Jacob Everett,SHAFFELBURG,SHAFFELBURG,wc2026-CAN-14,Cambio de nombre,
CAN,Canada,15,DF,BOMBITO Moise,Moïse Lumpungu,Bombito Moise,SI,Moïse Bombito,LUMPUNGU,BOMBITO,wc2026-CAN-15,Cambio de nombre,
CAN,Canada,16,GK,CREPEAU Maxime,Maxime Crépeau,Crepeau Maxime,SI,Maxime,CRÉPEAU,CRÉPEAU,wc2026-CAN-16,Cambio de nombre,
CAN,Canada,17,FW,BUCHANAN Tajon,Tajon Buchanan,Buchanan Tajon,SI,Tajon Trevor,BUCHANAN,BUCHANAN,wc2026-CAN-17,Cambio de nombre,
CAN,Canada,18,GK,GOODMAN Owen,Owen Goodman,Goodman Owen,SI,Owen Olamidayo,GOODMAN,GOODMAN,wc2026-CAN-18,Cambio de nombre,
CAN,Canada,19,DF,DAVIES Alphonso,Alphonso Davies,Davies Alphonso,SI,Alphonso Boyle,DAVIES,DAVIES,wc2026-CAN-19,Cambio de nombre,
CAN,Canada,20,FW,AHMED Ali,Ali Ahmed,Ahmed Ali,SI,Ali,AHMED,AHMED,wc2026-CAN-20,Cambio de nombre,
CAN,Canada,21,MF,OSORIO Jonathan,Jonathan Osorio,Osorio Jonathan,SI,Jonathan,OSORIO,OSORIO,wc2026-CAN-21,Cambio de nombre,
CAN,Canada,22,DF,LARYEA Richie,Richmond Laryea,Laryea Richie,SI,Richmond Mamah,LARYEA,LARYEA,wc2026-CAN-22,Cambio de nombre,
CAN,Canada,23,DF,SIGUR Niko,Niko Sigur,Sigur Niko,SI,Niko Kristian,SIGUR,SIGUR,wc2026-CAN-23,Cambio de nombre,
CAN,Canada,24,FW,DAVID Promise,Promise David,David Promise,SI,Promise Oluwatobi Emmanuel,DAVID,PROMISE,wc2026-CAN-24,Cambio de nombre,
CAN,Canada,25,MF,SALIBA Nathan,Nathan-dylan Saliba,Saliba Nathan,SI,Nathan-Dylan,SALIBA,SALIBA,wc2026-CAN-25,Cambio de nombre,
CAN,Canada,26,MF,FLORES Marcelo,Marcelo Flores,Flores Marcelo,SI,Marcelo,FLORES,MARCELO,wc2026-CAN-26,Cambio de nombre,
COL,Colombia,1,GK,OSPINA David,David Ospina,Ospina David,SI,David,OSPINA RAMIREZ,OSPINA,wc2026-COL-1,Cambio de nombre,
COL,Colombia,2,DF,MUNOZ Daniel,D. Muñoz,Munoz Daniel,SI,Daniel,MUÑOZ MEJIA,D. MUÑOZ,wc2026-COL-2,Cambio de nombre,
COL,Colombia,3,DF,LUCUMI Jhon,J. Lucumi,Lucumi Jhon,SI,Jhon Janer,LUCUMI BONILLA,J. LUCUMI,wc2026-COL-3,Cambio de nombre,
COL,Colombia,4,DF,ARIAS Santiago,Santiago Arias,Arias Santiago,SI,Santiago,ARIAS NARANJO,ARIAS,wc2026-COL-4,Cambio de nombre,
COL,Colombia,5,MF,CASTANO Kevin,K. Castaño,Castano Kevin,SI,Kevin Duvan,CASTAÑO GIL,K. CASTAÑO,wc2026-COL-5,Cambio de nombre,
COL,Colombia,6,MF,RIOS Richard,Richard Rios,Rios Richard,SI,Richard,RÍOS MONTOYA,RICHARD RIOS,wc2026-COL-6,Cambio de nombre,
COL,Colombia,7,FW,DIAZ Luis,Luis Diaz,Diaz Luis,SI,Luis Fernando,DÍAZ MARULANDA,LUIS DIAZ,wc2026-COL-7,Cambio de nombre,
COL,Colombia,8,MF,CARRASCAL Jorge,Jorge Carrascal,Carrascal Jorge,SI,Jorge Andres,CARRASCAL GUARDO,CARRASCAL,wc2026-COL-8,Cambio de nombre,
COL,Colombia,9,FW,CORDOBA Jhon,Jhon Cordoba,Cordoba Jhon,SI,Jhon Andrés,CÓRDOBA COPETE,CORDOBA,wc2026-COL-9,Cambio de nombre,
COL,Colombia,10,MF,RODRIGUEZ James,James Rubio,Rodriguez James,SI,James David,RODRÍGUEZ RUBIO,JAMES,wc2026-COL-10,Cambio de nombre,
COL,Colombia,11,MF,ARIAS Jhon,J. Arias,Arias Jhon,SI,Jhon Adolfo,ARIAS ANDRADE,J. ARIAS,wc2026-COL-11,Cambio de nombre,
COL,Colombia,12,GK,VARGAS Camilo,C. Vargas,Vargas Camilo,SI,Camilo Andres,VARGAS GIL,C. VARGAS,wc2026-COL-12,Cambio de nombre,
COL,Colombia,13,DF,MINA Yerry,Y. Mina,Mina Yerry,SI,Yerry Fernando,MINA GONZALEZ,Y. MINA,wc2026-COL-13,Cambio de nombre,
COL,Colombia,14,DF,PUERTA Gustavo,Gustavo Puerta,Puerta Gustavo,SI,Gustavo Adolfo,PUERTA MOLANO,PUERTA,wc2026-COL-14,Cambio de nombre,
COL,Colombia,15,MF,PORTILLA Juan,Juan Portilla,Portilla Juan,SI,Juan Camilo,PORTILLA OROZCO,PORTILLA,wc2026-COL-15,Cambio de nombre,
COL,Colombia,16,MF,LERMA Jefferson,J. Lerma,Lerma Jefferson,SI,Jefferson Andrés,LERMA SOLIS,J. LERMA,wc2026-COL-16,Cambio de nombre,
COL,Colombia,17,DF,MOJICA Johan,J. Mojica,Mojica Johan,SI,Johan Andrés,MOJICA PALACIO,J. MOJICA,wc2026-COL-17,Cambio de nombre,
COL,Colombia,18,DF,DITTA Willer,W. Ditta,Ditta Willer,SI,Willer Emilio,DITTA PEREZ,W. DITTA,wc2026-COL-18,Cambio de nombre,
COL,Colombia,19,FW,HERNANDEZ Cucho,C. Hernandez,Hernandez Cucho,SI,Juan Camilo,HERNANDEZ SUAREZ,C. HERNANDEZ,wc2026-COL-19,Cambio de nombre,
COL,Colombia,20,MF,QUINTERO Juan,Juan Quintero,Quintero Juan,SI,Juan Fernando,QUINTERO PANIAGUA,QUINTERO,wc2026-COL-20,Cambio de nombre,
COL,Colombia,21,FW,CAMPAZ Jaminton,Jaminton Campaz,Campaz Jaminton,SI,Jaminton Leandro,CAMPAZ,CAMPAZ,wc2026-COL-21,Cambio de nombre,
COL,Colombia,22,DF,MACHADO Deiver,Deiver Machado,Machado Deiver,SI,Deiver,MACHADO MENA,MACHADO,wc2026-COL-22,Cambio de nombre,
COL,Colombia,23,DF,SANCHEZ Davinson,Davinson Sanchez,Sanchez Davinson,SI,Davinson,SÁNCHEZ MINA,SANCHEZ,wc2026-COL-23,Cambio de nombre,
COL,Colombia,24,GK,MONTERO Alvaro,Álvaro Montero,Montero Alvaro,SI,Álvaro David,MONTERO PERALES,MONTERO,wc2026-COL-24,Cambio de nombre,
COL,Colombia,25,FW,SUAREZ Luis,Luis Suarez,Suarez Luis,SI,Luis Javier,SUÁREZ CHARRIS,SUAREZ,wc2026-COL-25,Cambio de nombre,
COL,Colombia,26,FW,GOMEZ Andres,A. Gomez,Gomez Andres,SI,Carlos Andrés,GÓMEZ HINESTROZA,A. GOMEZ,wc2026-COL-26,Cambio de nombre,
COD,Congo DR,1,GK,MPASI Lionel,Lionel Mpasi,Mpasi Lionel,SI,Lionel Nzau,MPASI,MPASI,wc2026-COD-1,Cambio de nombre,
COD,Congo DR,2,DF,WAN-BISSAKA Aaron,Wan Bissaka,Wan-bissaka Aaron,SI,Wan,BISSAKA,WAN BISSAKA,wc2026-COD-2,Cambio de nombre,
COD,Congo DR,3,DF,KAPUADI Steve,Steve Kapuadi,Kapuadi Steve,SI,Steve Nkanu,KAPUADI,KAPUADI,wc2026-COD-3,Cambio de nombre,
COD,Congo DR,4,DF,TUANZEBE Axel,Axel Tuanzebe,Tuanzebe Axel,SI,Axel,TUANZEBE,TUANZEBE,wc2026-COD-4,Cambio de nombre,
COD,Congo DR,5,DF,BATUBINSIKA Dylan,Dylan Batubinsika,Batubinsika Dylan,SI,Dylan Buduka,BATUBINSIKA,BATUBINSIKA,wc2026-COD-5,Cambio de nombre,
COD,Congo DR,6,MF,MUKAU Ngalayel,Ngal’ayel Mukau,Mukau Ngalayel,SI,Ngal’ayel,MUKAU,MUKAU,wc2026-COD-6,Cambio de nombre,
COD,Congo DR,7,MF,MBUKU Nathanael,Nathanaël Mbuku,Mbuku Nathanael,SI,Nathanaël,MBUKU,MBUKU,wc2026-COD-7,Cambio de nombre,
COD,Congo DR,8,MF,MOUTOUSSAMY Samuel,Samuel Moutoussamy,Moutoussamy Samuel,SI,Samuel Alain,MOUTOUSSAMY,MOUTOUSSAMY,wc2026-COD-8,Cambio de nombre,
COD,Congo DR,9,FW,CIPENGA Brian,Kibambe Cipenga,Cipenga Brian,SI,Kibambe Brian,CIPENGA,CIPENGA,wc2026-COD-9,Cambio de nombre,
COD,Congo DR,10,MF,BONGONDA Theo,Theo Bongonda,Bongonda Theo,SI,Theo Mbulofeko Batombo,BONGONDA,BONGONDA,wc2026-COD-10,Cambio de nombre,
COD,Congo DR,11,FW,KAKUTA Gael,Mambenga Kakuta,Kakuta Gael,SI,Mambenga Gaël Roméo,KAKUTA,KAKUTA,wc2026-COD-11,Cambio de nombre,
COD,Congo DR,12,DF,KAYEMBE Joris,J. Kayembe,Kayembe Joris,SI,Joris,KAYEMBE-DITU,J. KAYEMBE,wc2026-COD-12,Cambio de nombre,
COD,Congo DR,13,FW,ELIA Meschack,Meschack Elia,Elia Meschack,SI,Meschack Lina,ELIA,ELIA,wc2026-COD-13,Cambio de nombre,
COD,Congo DR,14,MF,SADIKI Noah,Noah Sadiki,Sadiki Noah,SI,Noah Junior,SADIKI,SADIKI,wc2026-COD-14,Cambio de nombre,
COD,Congo DR,15,MF,TSHIBOLA Aaron,Tshibola Aaron,Tshibola Aaron,,Tshibola,AARON,TSHIBOLA,wc2026-COD-15,,
COD,Congo DR,16,GK,FAYULU Timothy,Timothy Fayulu,Fayulu Timothy,SI,Timothy Bruce Munzoko,FAYULU,FAYULU,wc2026-COD-16,Cambio de nombre,
COD,Congo DR,17,FW,BAKAMBU Cedric,Cedric Bakambu,Bakambu Cedric,SI,Cedric,BAKAMBU,BAKAMBU,wc2026-COD-17,Cambio de nombre,
COD,Congo DR,18,MF,PICKEL Charles,Charles Pickel,Pickel Charles,SI,Charles Monginda,PICKEL,PICKEL,wc2026-COD-18,Cambio de nombre,
COD,Congo DR,19,FW,MAYELE Fiston,Mayele Kalala,Mayele Fiston,SI,Mayele Fiston,KALALA,MAYELE,wc2026-COD-19,Cambio de nombre,
COD,Congo DR,20,FW,WISSA Yoane,Yoane Wissa,Wissa Yoane,SI,Yoane,WISSA,WISSA,wc2026-COD-20,Cambio de nombre,
COD,Congo DR,21,GK,EPOLO Matthieu,Matthieu Epolo,Epolo Matthieu,SI,Matthieu Luka,EPOLO,EPOLO,wc2026-COD-21,Cambio de nombre,
COD,Congo DR,22,DF,MBEMBA Chancel,Mangulu Mbemba,Mbemba Chancel,SI,Mangulu Chancel,MBEMBA,MBEMBA,wc2026-COD-22,Cambio de nombre,
COD,Congo DR,23,FW,BANZA Simon,Simon Banza,Banza Simon,SI,Simon Bokote,BANZA,BANZA,wc2026-COD-23,Cambio de nombre,
COD,Congo DR,24,DF,KALULU Gedeon,G. Kalulu,Kalulu Gedeon,SI,Gédéon Tchingoma Kyatengwa,KALULU,G. KALULU,wc2026-COD-24,Cambio de nombre,
COD,Congo DR,25,MF,KAYEMBE Edo,Edo Kayembe,Kayembe Edo,SI,Edo Kayembe,KAYEMBE,KAYEMBE,wc2026-COD-25,Cambio de nombre,
COD,Congo DR,26,DF,MASUAKU Arthur,Arthur Masuaku,Masuaku Arthur,SI,Arthur Fuka,MASUAKU KAWELA,MASUAKU,wc2026-COD-26,Cambio de nombre,
CIV,Cote d'Ivoire,1,GK,FOFANA Yahia,Y. Fofana,Fofana Yahia,SI,Yahia,FOFANA,Y. FOFANA,wc2026-CIV-1,Cambio de nombre,
CIV,Cote d'Ivoire,2,DF,DIOMANDE Ousmane,O. Diomande,Diomande Ousmane,SI,Ousmane,DIOMANDE,O. DIOMANDE,wc2026-CIV-2,Cambio de nombre,
CIV,Cote d'Ivoire,3,DF,KONAN Ghislain,G. Konan,Konan Ghislain,SI,N'clomande Ghislain,KONAN,G. KONAN,wc2026-CIV-3,Cambio de nombre,
CIV,Cote d'Ivoire,4,MF,SERI Jean Michael,Jean Seri,Seri Jean Michael,SI,Jean Michael,SERI,SERI,wc2026-CIV-4,Cambio de nombre,
CIV,Cote d'Ivoire,5,DF,SINGO Wilfried,Wilfried Singo,Singo Wilfried,SI,Wilfried Stephane,SINGO,SINGO,wc2026-CIV-5,Cambio de nombre,
CIV,Cote d'Ivoire,6,MF,FOFANA Seko,Seko Fofana,Fofana Seko,SI,Seko Mohamed,FOFANA,FOFANA,wc2026-CIV-6,Cambio de nombre,
CIV,Cote d'Ivoire,7,DF,KOSSOUNOU Odilon,Kouakou Kossounou,Kossounou Odilon,SI,Kouakou Odilon Dorgeless,KOSSOUNOU,KOSSOUNOU,wc2026-CIV-7,Cambio de nombre,
CIV,Cote d'Ivoire,8,MF,KESSIE Franck,Franck Kessie,Kessie Franck,SI,Franck Yannick,KESSIE,KESSIE,wc2026-CIV-8,Cambio de nombre,
CIV,Cote d'Ivoire,9,FW,BONNY Ange-Yoan,Ange-yoan Bonny,Bonny Ange-yoan,SI,Ange-Yoan Laurent,BONNY,BONNY,wc2026-CIV-9,Cambio de nombre,
CIV,Cote d'Ivoire,10,FW,ADINGRA Simon,Simon Adingra,Adingra Simon,SI,Simon,ADINGRA,ADINGRA,wc2026-CIV-10,Cambio de nombre,
CIV,Cote d'Ivoire,11,FW,DIOMANDE Yan,Yan Diomande,Diomande Yan,SI,Yan,DIOMANDE,YAN DIOMANDE,wc2026-CIV-11,Cambio de nombre,
CIV,Cote d'Ivoire,12,FW,WAHI Elye,Sepe Wahi,Wahi Elye,SI,Sepe Elye Delmas,WAHI,WAHI,wc2026-CIV-12,Cambio de nombre,
CIV,Cote d'Ivoire,13,DF,OPERI Christopher,Christopher Operi,Operi Christopher,SI,Christopher Tea Domoraud,OPERI,OPERI,wc2026-CIV-13,Cambio de nombre,
CIV,Cote d'Ivoire,14,FW,DIAKITE Oumar,Oumar Diakite,Diakite Oumar,SI,Oumar,DIAKITE,DIAKITE,wc2026-CIV-14,Cambio de nombre,
CIV,Cote d'Ivoire,15,FW,DIALLO Amad,Amad Diallo,Diallo Amad,SI,Amad,DIALLO,AMAD,wc2026-CIV-15,Cambio de nombre,
CIV,Cote d'Ivoire,16,GK,KONE Mohamed,Mohamed Kone,Kone Mohamed,SI,Mohamed,KONE,KONE,wc2026-CIV-16,Cambio de nombre,
CIV,Cote d'Ivoire,17,DF,DOUE Guela,G. Doue,Doue Guela,SI,Guela Maho-Lewis,DOUE,G. DOUE,wc2026-CIV-17,Cambio de nombre,
CIV,Cote d'Ivoire,18,MF,SANGARE Ibrahim,Ibrahim Sangare,Sangare Ibrahim,SI,Ibrahim,SANGARE,SANGARE,wc2026-CIV-18,Cambio de nombre,
CIV,Cote d'Ivoire,19,FW,PEPE Nicolas,Nicolas Pepe,Pepe Nicolas,SI,Nicolas,PEPE,PEPE,wc2026-CIV-19,Cambio de nombre,
CIV,Cote d'Ivoire,20,DF,AGBADOU Emmanuel,Badobre Agbadou,Agbadou Emmanuel,SI,Badobre Emmanuel Elysee Djedje,AGBADOU,AGBADOU,wc2026-CIV-20,Cambio de nombre,
CIV,Cote d'Ivoire,21,DF,NDICKA Evan,Obite Ndicka,Ndicka Evan,SI,Obite Evan,NDICKA,NDICKA,wc2026-CIV-21,Cambio de nombre,
CIV,Cote d'Ivoire,22,FW,GUESSAND Evann,Evann Guessand,Guessand Evann,SI,Evann Ludovic Vidjannagni,GUESSAND,GUESSAND,wc2026-CIV-22,Cambio de nombre,
CIV,Cote d'Ivoire,23,GK,LAFONT Alban,Alban-marc Lafont,Lafont Alban,SI,Alban-Marc,LAFONT,LAFONT,wc2026-CIV-23,Cambio de nombre,
CIV,Cote d'Ivoire,24,FW,TOURE Bazoumana,Bazoumana Toure,Toure Bazoumana,SI,Bazoumana,TOURE,TOURE,wc2026-CIV-24,Cambio de nombre,
CIV,Cote d'Ivoire,25,MF,GUIAGON Parfait,Parfait Guiagon,Guiagon Parfait,SI,Parfait,GUIAGON,GUIAGON,wc2026-CIV-25,Cambio de nombre,
CIV,Cote d'Ivoire,26,MF,OULAI Christ Inao,Christ Oulai,Oulai Christ Inao,SI,Christ Ravynel Inao,OULAI,INAO,wc2026-CIV-26,Cambio de nombre,
CRO,Croatia,1,GK,LIVAKOVIC Dominik,Dominik Livaković,Livakovic Dominik,SI,Dominik,LIVAKOVIĆ,LIVAKOVIĆ,wc2026-CRO-1,Cambio de nombre,
CRO,Croatia,2,DF,STANISIC Josip,Josip Stanišić,Stanisic Josip,SI,Josip,STANIŠIĆ,STANIŠIĆ,wc2026-CRO-2,Cambio de nombre,
CRO,Croatia,3,DF,PONGRACIC Marin,Marin Pongračić,Pongracic Marin,SI,Marin,PONGRAČIĆ,PONGRAČIĆ,wc2026-CRO-3,Cambio de nombre,
CRO,Croatia,4,DF,GVARDIOL Josko,Joško Gvardiol,Gvardiol Josko,SI,Joško,GVARDIOL,GVARDIOL,wc2026-CRO-4,Cambio de nombre,
CRO,Croatia,5,DF,CALETA-CAR Duje,Duje Ćaleta-car,Caleta-car Duje,SI,Duje,ĆALETA-CAR,ĆALETA-CAR,wc2026-CRO-5,Cambio de nombre,
CRO,Croatia,6,DF,SUTALO Josip,Josip Šutalo,Sutalo Josip,SI,Josip,ŠUTALO,ŠUTALO,wc2026-CRO-6,Cambio de nombre,
CRO,Croatia,7,MF,MORO Nikola,Nikola Moro,Moro Nikola,SI,Nikola,MORO,MORO,wc2026-CRO-7,Cambio de nombre,
CRO,Croatia,8,MF,KOVACIC Mateo,Mateo Kovačić,Kovacic Mateo,SI,Mateo,KOVAČIĆ,KOVAČIĆ,wc2026-CRO-8,Cambio de nombre,
CRO,Croatia,9,FW,KRAMARIC Andrej,Andrej Kramarić,Kramaric Andrej,SI,Andrej,KRAMARIĆ,KRAMARIĆ,wc2026-CRO-9,Cambio de nombre,
CRO,Croatia,10,MF,MODRIC Luka,Luka Modrić,Modric Luka,SI,Luka,MODRIĆ,MODRIĆ,wc2026-CRO-10,Cambio de nombre,
CRO,Croatia,11,FW,BUDIMIR Ante,Ante Budimir,Budimir Ante,SI,Ante,BUDIMIR,BUDIMIR,wc2026-CRO-11,Cambio de nombre,
CRO,Croatia,12,GK,PANDUR Ivor,Ivor Pandur,Pandur Ivor,SI,Ivor,PANDUR,PANDUR,wc2026-CRO-12,Cambio de nombre,
CRO,Croatia,13,MF,VLASIC Nikola,Nikola Vlašić,Vlasic Nikola,SI,Nikola,VLAŠIĆ,VLAŠIĆ,wc2026-CRO-13,Cambio de nombre,
CRO,Croatia,14,FW,PERISIC Ivan,Ivan Perišić,Perisic Ivan,SI,Ivan,PERIŠIĆ,PERIŠIĆ,wc2026-CRO-14,Cambio de nombre,
CRO,Croatia,15,MF,PASALIC Mario,Mario Pašalić,Pasalic Mario,SI,Mario,PAŠALIĆ,PAŠALIĆ,wc2026-CRO-15,Cambio de nombre,
CRO,Croatia,16,MF,BATURINA Martin,Martin Baturina,Baturina Martin,SI,Martin,BATURINA,BATURINA,wc2026-CRO-16,Cambio de nombre,
CRO,Croatia,17,MF,SUCIC Petar,P. Sučić,Sucic Petar,SI,Petar,SUČIĆ,P. SUČIĆ,wc2026-CRO-17,Cambio de nombre,
CRO,Croatia,18,DF,JAKIC Kristijan,Kristijan Jakić,Jakic Kristijan,SI,Kristijan,JAKIĆ,JAKIĆ,wc2026-CRO-18,Cambio de nombre,
CRO,Croatia,19,MF,FRUK Toni,Toni Fruk,Fruk Toni,SI,Toni,FRUK,FRUK,wc2026-CRO-19,Cambio de nombre,
CRO,Croatia,20,FW,MATANOVIC Igor,Igor Matanović,Matanovic Igor,SI,Igor,MATANOVIĆ,MATANOVIĆ,wc2026-CRO-20,Cambio de nombre,
CRO,Croatia,21,MF,SUCIC Luka,Luka Sučić,Sucic Luka,SI,Luka,SUČIĆ,SUČIĆ,wc2026-CRO-21,Cambio de nombre,
CRO,Croatia,22,DF,VUSKOVIC Luka,Luka Vušković,Vuskovic Luka,SI,Luka,VUŠKOVIĆ,VUŠKOVIĆ,wc2026-CRO-22,Cambio de nombre,
CRO,Croatia,23,GK,KOTARSKI Dominik,Dominik Kotarski,Kotarski Dominik,SI,Dominik,KOTARSKI,KOTARSKI,wc2026-CRO-23,Cambio de nombre,
CRO,Croatia,24,FW,PASALIC Marco,M. Pašalić,Pasalic Marco,SI,Marco,PAŠALIĆ,M. PAŠALIĆ,wc2026-CRO-24,Cambio de nombre,
CRO,Croatia,25,DF,ERLIC Martin,Martin Erlić,Erlic Martin,SI,Martin,ERLIĆ,ERLIĆ,wc2026-CRO-25,Cambio de nombre,
CRO,Croatia,26,FW,MUSA Petar,Petar Musa,Musa Petar,SI,Petar,MUSA,MUSA,wc2026-CRO-26,Cambio de nombre,
CUW,Curacao,1,GK,ROOM Eloy,Eloy Room,Room Eloy,SI,Eloy Victor,ROOM,ROOM,wc2026-CUW-1,Cambio de nombre,
CUW,Curacao,2,DF,SAMBO Shurandy,Shurandy Sambo,Sambo Shurandy,SI,Shurandy Ruggerio,SAMBO,SAMBO,wc2026-CUW-2,Cambio de nombre,
CUW,Curacao,3,DF,GAARI Jurien,Juriën Gaari,Gaari Jurien,SI,Juriën Godfried Juan,GAARI,GAARI,wc2026-CUW-3,Cambio de nombre,
CUW,Curacao,4,DF,VAN EIJMA Roshon,Van Eijma,Van Eijma Roshon,SI,Roshon Felix Romar Jordan,VAN EIJMA,VAN EIJMA,wc2026-CUW-4,Cambio de nombre,
CUW,Curacao,5,DF,FLORANUS Sherel,Sherel Floranus,Floranus Sherel,SI,Sherel Constancio,FLORANUS,FLORANUS,wc2026-CUW-5,Cambio de nombre,
CUW,Curacao,6,MF,ROEMERATOE Godfried,Godfried Roemeratoe,Roemeratoe Godfried,SI,Godfried,ROEMERATOE,ROEMERATOE,wc2026-CUW-6,Cambio de nombre,
CUW,Curacao,7,MF,BACUNA Juninho,J. Bacuna,Bacuna Juninho,SI,Juninho Gracielo,BACUNA,J. BACUNA,wc2026-CUW-7,Cambio de nombre,
CUW,Curacao,8,MF,COMENENCIA Livano,Livano Comenencia,Comenencia Livano,SI,Livano Shyron Liomar,COMENENCIA,COMENENCIA,wc2026-CUW-8,Cambio de nombre,
CUW,Curacao,9,FW,LOCADIA Juergen,Jürgen Locadia,Locadia Juergen,SI,Jürgen Leonardo,LOCADIA,LOCADIA,wc2026-CUW-9,Cambio de nombre,
CUW,Curacao,10,MF,BACUNA Leandro,L. Bacuna,Bacuna Leandro,SI,Leandro Jones Johan,BACUNA,L. BACUNA,wc2026-CUW-10,Cambio de nombre,
CUW,Curacao,11,FW,ANTONISSE Jeremy,Jeremy Antonisse,Antonisse Jeremy,SI,Jeremy Cornelis Jacobus,ANTONISSE,ANTONISSE,wc2026-CUW-11,Cambio de nombre,
CUW,Curacao,12,FW,HANSEN Sontje,Misjonne Hansen,Hansen Sontje,SI,Misjonne Juniffer Naigelino,HANSEN,HANSEN,wc2026-CUW-12,Cambio de nombre,
CUW,Curacao,13,FW,NOSLIN Tyrese,Tyrese Noslin,Noslin Tyrese,SI,Tyrese Yurvencey,NOSLIN,NOSLIN,wc2026-CUW-13,Cambio de nombre,
CUW,Curacao,14,FW,GORRE Kenji,Kenji Gorre,Gorre Kenji,SI,Kenji Joel,GORRE,GORRE,wc2026-CUW-14,Cambio de nombre,
CUW,Curacao,15,MF,MARTHA Arjany,Ar'jany Martha,Martha Arjany,SI,Ar'jany Jainel Archenir,MARTHA,MARTHA,wc2026-CUW-15,Cambio de nombre,
CUW,Curacao,16,FW,MARGARITHA Jearl,Jearl Margaritha,Margaritha Jearl,SI,Jearl Erwin,MARGARITHA,MARGARITHA,wc2026-CUW-16,Cambio de nombre,
CUW,Curacao,17,FW,KUWAS Brandley,Brandley Kuwas,Kuwas Brandley,SI,Brandley Mack-Olien,KUWAS,KUWAS,wc2026-CUW-17,Cambio de nombre,
CUW,Curacao,18,DF,OBISPO Armando,Armando Obispo,Obispo Armando,SI,Armando Maria,OBISPO,OBISPO,wc2026-CUW-18,Cambio de nombre,
CUW,Curacao,19,FW,KASTANEER Gervane,Gervane Kastaneer,Kastaneer Gervane,SI,Gervane Zjandric Adonnis,KASTANEER,KASTANEER,wc2026-CUW-19,Cambio de nombre,
CUW,Curacao,20,DF,BRENET Joshua,Joshua Brenet,Brenet Joshua,SI,Joshua Benjamin,BRENET,BRENET,wc2026-CUW-20,Cambio de nombre,
CUW,Curacao,21,MF,CHONG Tahith,Tahith Chong,Chong Tahith,SI,Tahith Jose Girigorio Djorkaef,CHONG,CHONG,wc2026-CUW-21,Cambio de nombre,
CUW,Curacao,22,MF,FELIDA Kevin,Kevin Felida,Felida Kevin,SI,Kevin Antonio,FELIDA,FELIDA,wc2026-CUW-22,Cambio de nombre,
CUW,Curacao,23,DF,BAZOER Riechedly,Riechedly Bazoer,Bazoer Riechedly,SI,Riechedly Guillermo,BAZOER,BAZOER,wc2026-CUW-23,Cambio de nombre,
CUW,Curacao,24,DF,FONVILLE Deveron,Deveron Fonville,Fonville Deveron,SI,Deveron Lenny,FONVILLE,FONVILLE,wc2026-CUW-24,Cambio de nombre,
CUW,Curacao,25,GK,BODAK Tyrick,Tyrick Bodak,Bodak Tyrick,SI,Tyrick Jeremy,BODAK,BODAK,wc2026-CUW-25,Cambio de nombre,
CUW,Curacao,26,GK,DOORNBUSCH Trevor,Trevor Doornbusch,Doornbusch Trevor,SI,Trevor Irving,DOORNBUSCH,DOORNBUSCH,wc2026-CUW-26,Cambio de nombre,
CZE,Czech Republic,1,GK,KOVAR Matej,Matěj Kovář,Kovar Matej,SI,Matěj,KOVÁŘ,KOVÁŘ,wc2026-CZE-1,Cambio de nombre,
CZE,Czech Republic,2,DF,ZIMA David,David Zima,Zima David,SI,David,ZIMA,ZIMA,wc2026-CZE-2,Cambio de nombre,
CZE,Czech Republic,3,DF,HOLES Tomas,Tomáš Holeš,Holes Tomas,SI,Tomáš,HOLEŠ,HOLEŠ,wc2026-CZE-3,Cambio de nombre,
CZE,Czech Republic,4,DF,HRANAC Robin,Robin Hranáč,Hranac Robin,SI,Robin,HRANÁČ,HRANÁČ,wc2026-CZE-4,Cambio de nombre,
CZE,Czech Republic,5,DF,COUFAL Vladimir,Vladimír Coufal,Coufal Vladimir,SI,Vladimír,COUFAL,COUFAL,wc2026-CZE-5,Cambio de nombre,
CZE,Czech Republic,6,DF,CHALOUPEK Stepan,Štěpán Chaloupek,Chaloupek Stepan,SI,Štěpán,CHALOUPEK,CHALOUPEK,wc2026-CZE-6,Cambio de nombre,
CZE,Czech Republic,7,DF,KREJCI Ladislav,Ladislav Krejčí,Krejci Ladislav,SI,Ladislav,KREJČÍ,KREJČÍ,wc2026-CZE-7,Cambio de nombre,
CZE,Czech Republic,8,MF,DARIDA Vladimir,Vladimír Darida,Darida Vladimir,SI,Vladimír,DARIDA,DARIDA,wc2026-CZE-8,Cambio de nombre,
CZE,Czech Republic,9,FW,HLOZEK Adam,Adam Hložek,Hlozek Adam,SI,Adam,HLOŽEK,HLOŽEK,wc2026-CZE-9,Cambio de nombre,
CZE,Czech Republic,10,FW,SCHICK Patrik,Patrik Schick,Schick Patrik,SI,Patrik,SCHICK,SCHICK,wc2026-CZE-10,Cambio de nombre,
CZE,Czech Republic,11,FW,KUCHTA Jan,Jan Kuchta,Kuchta Jan,SI,Jan,KUCHTA,KUCHTA,wc2026-CZE-11,Cambio de nombre,
CZE,Czech Republic,12,MF,CERV Lukas,Lukáš Červ,Cerv Lukas,SI,Lukáš,ČERV,ČERV,wc2026-CZE-12,Cambio de nombre,
CZE,Czech Republic,13,FW,CHYTIL Mojmir,Mojmír Chytil,Chytil Mojmir,SI,Mojmír,CHYTIL,CHYTIL,wc2026-CZE-13,Cambio de nombre,
CZE,Czech Republic,14,DF,JURASEK David,David Jurásek,Jurasek David,SI,David,JURÁSEK,JURÁSEK,wc2026-CZE-14,Cambio de nombre,
CZE,Czech Republic,15,FW,SULC Pavel,Pavel Šulc,Sulc Pavel,SI,Pavel,ŠULC,ŠULC,wc2026-CZE-15,Cambio de nombre,
CZE,Czech Republic,16,GK,STANEK Jindrich,Jindřich Staněk,Stanek Jindrich,SI,Jindřich,STANĚK,STANĚK,wc2026-CZE-16,Cambio de nombre,
CZE,Czech Republic,17,MF,PROVOD Lukas,Lukáš Provod,Provod Lukas,SI,Lukáš,PROVOD,PROVOD,wc2026-CZE-17,Cambio de nombre,
CZE,Czech Republic,18,MF,SADILEK Michal,Michal Sadílek,Sadilek Michal,SI,Michal,SADÍLEK,SADÍLEK,wc2026-CZE-18,Cambio de nombre,
CZE,Czech Republic,19,FW,CHORY Tomas,Tomáš Chorý,Chory Tomas,SI,Tomáš,CHORÝ,CHORÝ,wc2026-CZE-19,Cambio de nombre,
CZE,Czech Republic,20,DF,ZELENY Jaroslav,Jaroslav Zelený,Zeleny Jaroslav,SI,Jaroslav,ZELENÝ,ZELENÝ,wc2026-CZE-20,Cambio de nombre,
CZE,Czech Republic,21,DF,DOUDERA David,David Douděra,Doudera David,SI,David,DOUDĚRA,DOUDĚRA,wc2026-CZE-21,Cambio de nombre,
CZE,Czech Republic,22,MF,SOUCEK Tomas,Tomáš Souček,Soucek Tomas,SI,Tomáš,SOUČEK,SOUČEK,wc2026-CZE-22,Cambio de nombre,
CZE,Czech Republic,23,GK,HORNICEK Lukas,Lukáš Horníček,Hornicek Lukas,SI,Lukáš,HORNÍČEK,HORNÍČEK,wc2026-CZE-23,Cambio de nombre,
CZE,Czech Republic,24,MF,SOJKA Alexandr,Alexandr Sojka,Sojka Alexandr,SI,Alexandr,SOJKA,SOJKA,wc2026-CZE-24,Cambio de nombre,
CZE,Czech Republic,25,MF,SOCHUREK Hugo,Hugo Sochůrek,Sochurek Hugo,SI,Hugo,SOCHŮREK,SOCHŮREK,wc2026-CZE-25,Cambio de nombre,
CZE,Czech Republic,26,FW,VISINSKY Denis,Denis Višinský,Visinsky Denis,SI,Denis,VIŠINSKÝ,VIŠINSKÝ,wc2026-CZE-26,Cambio de nombre,
ECU,Ecuador,1,GK,GALINDEZ Hernan,Hernán Galindez,Galindez Hernan,SI,Hernán Ismael,GALÍNDEZ,GALINDEZ,wc2026-ECU-1,Cambio de nombre,
ECU,Ecuador,2,DF,TORRES Felix,Félix Torres,Torres Felix,SI,Félix Eduardo,TORRES CAICEDO,TORRES,wc2026-ECU-2,Cambio de nombre,
ECU,Ecuador,3,DF,HINCAPIE Piero,Piero Hincapie,Hincapie Piero,SI,Piero Martin,HINCAPIÉ REYNA,HINCAPIE,wc2026-ECU-3,Cambio de nombre,
ECU,Ecuador,4,DF,ORDONEZ Joel,Joel Ordóñez,Ordonez Joel,SI,Joel Leandro,ORDÓÑEZ GUERRERO,ORDÓÑEZ,wc2026-ECU-4,Cambio de nombre,
ECU,Ecuador,5,MF,ALCIVAR Jordy,Jordy Alcivar,Alcivar Jordy,SI,Jordy Jose,ALCÍVAR MACÍAS,ALCIVAR,wc2026-ECU-5,Cambio de nombre,
ECU,Ecuador,6,DF,PACHO Willian,Willian Pacho,Pacho Willian,SI,Willian Joel,PACHO TENORIO,PACHO,wc2026-ECU-6,Cambio de nombre,
ECU,Ecuador,7,DF,ESTUPINAN Pervis,Pervis Estupiñán,Estupinan Pervis,SI,Pervis Josue,ESTUPIÑÁN TENORIO,ESTUPIÑÁN,wc2026-ECU-7,Cambio de nombre,
ECU,Ecuador,8,MF,VALENCIA Anthony,A. Valencia,Valencia Anthony,SI,Anthony Lenin,VALENCIA BAJAÑA,A. VALENCIA,wc2026-ECU-8,Cambio de nombre,
ECU,Ecuador,9,FW,YEBOAH John,Yeboah Zamora,Yeboah John,SI,John,YEBOAH ZAMORA,YEBOAH ZAMORA,wc2026-ECU-9,Cambio de nombre,
ECU,Ecuador,10,MF,PAEZ Kendry,Ray Paez,Paez Kendry,SI,Ray Kendry,PAEZ ANDRADE,PAEZ,wc2026-ECU-10,Cambio de nombre,
ECU,Ecuador,11,FW,RODRIGUEZ Kevin,Kevin Rodriguez,Rodriguez Kevin,SI,Kevin Jose,RODRÍGUEZ CORTEZ,RODRIGUEZ,wc2026-ECU-11,Cambio de nombre,
ECU,Ecuador,12,GK,RAMIREZ Moises,Wellington Ramírez,Ramirez Moises,SI,Wellington Moisés,RAMÍREZ PRECIADO,RAMÍREZ,wc2026-ECU-12,Cambio de nombre,
ECU,Ecuador,13,FW,VALENCIA Enner,E. Valencia,Valencia Enner,SI,Enner Remberto,VALENCIA LASTRA,E. VALENCIA,wc2026-ECU-13,Cambio de nombre,
ECU,Ecuador,14,MF,MINDA Alan,Alan Minda,Minda Alan,SI,Alan Steve,MINDA GARCIA,MINDA,wc2026-ECU-14,Cambio de nombre,
ECU,Ecuador,15,MF,VITE Pedro,Pedro Vite,Vite Pedro,SI,Pedro Jeampierre,VITE UCA,VITE,wc2026-ECU-15,Cambio de nombre,
ECU,Ecuador,16,FW,CAICEDO Jordy,J. Caicedo,Caicedo Jordy,SI,Jordy Josue,CAICEDO MEDINA,J. CAICEDO,wc2026-ECU-16,Cambio de nombre,
ECU,Ecuador,17,DF,PRECIADO Angelo,Ángelo Preciado,Preciado Angelo,SI,Ángelo Smit,PRECIADO QUIÑONEZ,PRECIADO,wc2026-ECU-17,Cambio de nombre,
ECU,Ecuador,18,MF,CASTILLO Denil,Denil Castillo,Castillo Denil,SI,Denil Daniel,CASTILLO PRECIADO,CASTILLO,wc2026-ECU-18,Cambio de nombre,
ECU,Ecuador,19,FW,PLATA Gonzalo,Gonzalo Plata,Plata Gonzalo,SI,Gonzalo Jordy,PLATA JIMENEZ,PLATA,wc2026-ECU-19,Cambio de nombre,
ECU,Ecuador,20,FW,ANGULO Nilson,Nilson Angulo,Angulo Nilson,SI,Nilson David,ANGULO RAMIREZ,ANGULO,wc2026-ECU-20,Cambio de nombre,
ECU,Ecuador,21,MF,FRANCO Alan,Alan Franco,Franco Alan,SI,Alan Steven,FRANCO PALMA,FRANCO,wc2026-ECU-21,Cambio de nombre,
ECU,Ecuador,22,GK,VALLE Gonzalo,Gonzalo Valle,Valle Gonzalo,SI,Gonzalo Roberto,VALLE BUSTAMANTE,VALLE,wc2026-ECU-22,Cambio de nombre,
ECU,Ecuador,23,MF,CAICEDO Moises,M. Caicedo,Caicedo Moises,SI,Moisés Isaac,CAICEDO COROZO,M. CAICEDO,wc2026-ECU-23,Cambio de nombre,
ECU,Ecuador,24,FW,AREVALO Jeremy,Jeremy Arevalo,Arevalo Jeremy,SI,Jeremy Alberto,AREVALO MERA,AREVALO,wc2026-ECU-24,Cambio de nombre,
ECU,Ecuador,25,DF,POROZO Jackson,Jackson Porozo,Porozo Jackson,SI,Jackson Gabriel,POROZO VERNAZA,POROZO,wc2026-ECU-25,Cambio de nombre,
ECU,Ecuador,26,DF,MEDINA Yaimar,Yaimar Medina,Medina Yaimar,SI,Yaimar Abel,MEDINA ORTIZ,MEDINA,wc2026-ECU-26,Cambio de nombre,
EGY,Egypt,1,GK,MOHAMED ELSHENAWY,M. Elshenawy,Mohamed Elshenawy,SI,Mohamed Elsayed Mohamed,ELSHENAWY GOMAA,M. ELSHENAWY,wc2026-EGY-1,Cambio de nombre,
EGY,Egypt,2,DF,YASSER IBRAHIM,Yasser Elhanafy,Yasser Ibrahim,SI,Yasser Ahmed Ibrahim,ELHANAFY,YASSER,wc2026-EGY-2,Cambio de nombre,
EGY,Egypt,3,DF,MOHAMED HANY,M. Hany,Mohamed Hany,SI,Mohamed Hany Gamal,ELDEMERDASH,M. HANY,wc2026-EGY-3,Cambio de nombre,
EGY,Egypt,4,DF,HOSSAM ABDELMAGUID,Hossam Abdelmegeed,Hossam Abdelmaguid,SI,Hossam Abdelmegeed Abdelsalam,ABDELMEGEED,HOSSAM,wc2026-EGY-4,Cambio de nombre,
EGY,Egypt,5,DF,RAMY RABIA,R. Rabiaa,Ramy Rabia,SI,Ramy Hisham Abdelaziz Moustafa,RABIA,R. RABIAA,wc2026-EGY-5,Cambio de nombre,
EGY,Egypt,6,DF,MOHAMED ABDELMONEIM,M. Abdelmoniem,Mohamed Abdelmoneim,SI,Mohamed Abdelmoneim Elsayed M,AHMED,M. ABDELMONIEM,wc2026-EGY-6,Cambio de nombre,
EGY,Egypt,7,FW,TREZEGUET,M. Trezeguet,Trezeguet,SI,Mahmoud Ahmed Ibrahim,HASSAN,M. TREZEGUET,wc2026-EGY-7,Cambio de nombre,
EGY,Egypt,8,MF,EMAM ASHOUR,E. Ashour,Emam Ashour,SI,Emam Ashour Metwaly,ABDELGHANY,E. ASHOUR,wc2026-EGY-8,Cambio de nombre,
EGY,Egypt,9,FW,HAMZA ABDELKARIM,Hamza Selim,Hamza Abdelkarim,SI,Hamza Mohamed Abdelkarim E,SELIM,ABDELKARIM,wc2026-EGY-9,Cambio de nombre,
EGY,Egypt,10,FW,MOHAMED SALAH,M. Salah,Mohamed Salah,SI,Mohamed Salah Hamed Mahrous,GHALY,M. SALAH,wc2026-EGY-10,Cambio de nombre,
EGY,Egypt,11,MF,MOSTAFA ZICO,Mostafa Zico,Mostafa Zico,,Mostafa Mohamed Zaky,ABDELRAOUF,ZICO,wc2026-EGY-11,,
EGY,Egypt,12,FW,HAISSEM HASSAN,H. Hassan,Haissem Hassan,SI,Haissem Yousry Fouad A,HASSAN,H. HASSAN,wc2026-EGY-12,Cambio de nombre,
EGY,Egypt,13,DF,AHMED FATOUH,A. Fatouh,Ahmed Fatouh,SI,Ahmed Mohamed Aboelfetouh,MOHAMED,A. FATOUH,wc2026-EGY-13,Cambio de nombre,
EGY,Egypt,14,MF,HAMDY FATHY,H. Fathy,Hamdy Fathy,SI,Hamdy Fathy Abdelhalim,ABDELFATTAH,H. FATHY,wc2026-EGY-14,Cambio de nombre,
EGY,Egypt,15,DF,KARIM HAFEZ,K. Hafez,Karim Hafez,SI,Karim Hafez Ramadan,SEIFELDIN,K. HAFEZ,wc2026-EGY-15,Cambio de nombre,
EGY,Egypt,16,GK,MAHDY SOLIMAN,M. Soliman,Mahdy Soliman,SI,Mahdy Mohamed Soliman,IBRAHIM,M. SOLIMAN,wc2026-EGY-16,Cambio de nombre,
EGY,Egypt,17,MF,MOHANAD LASHIN,M. Lashin,Mohanad Lashin,SI,Mohanad Mostafa Ahmed A,LASHIN,M. LASHIN,wc2026-EGY-17,Cambio de nombre,
EGY,Egypt,18,MF,NABIL DONGA,Nabil Donga,Nabil Donga,,Nabil Emad Aly Elmahdy,ALY,DONGA,wc2026-EGY-18,,
EGY,Egypt,19,MF,MARAWAN ATTIA,M. Attia,Marawan Attia,SI,Marawan Attia Fahim,GHALLAB,M. ATTIA,wc2026-EGY-19,Cambio de nombre,
EGY,Egypt,20,FW,IBRAHIM ADEL,I. Adel,Ibrahim Adel,SI,Ibrahim Adel Aly Mohamed,HASSAN,I. ADEL,wc2026-EGY-20,Cambio de nombre,
EGY,Egypt,21,MF,MAHMOUD SABER,M. Saber,Mahmoud Saber,SI,Mahmoud Saber Abdelmohsen H,ABDELMOHSEN,M. SABER,wc2026-EGY-21,Cambio de nombre,
EGY,Egypt,22,FW,OMAR MARMOUSH,Omar Marmoush,Omar Marmoush,,Omar Khaled Mohamed Abdelsalam,MARMOUSH,MARMOUSH,wc2026-EGY-22,,
EGY,Egypt,23,GK,MOSTAFA SHOUBIR,Mostafa Shoubir,Mostafa Shoubir,,Mostafa Ahmed Abdelaziz Mohame,SHOUBIR,SHOUBIR,wc2026-EGY-23,,
EGY,Egypt,24,DF,TAREK ALAA,T. Alaa,Tarek Alaa,SI,Tarek Alaa Abdelghaffar Abdel,ELGEBALY,T. ALAA,wc2026-EGY-24,Cambio de nombre,
EGY,Egypt,25,FW,ZIZO,Ahmed Zizo,Zizo,SI,Ahmed Mostafa Mohamed,SAYED,ZIZO,wc2026-EGY-25,Cambio de nombre,
EGY,Egypt,26,GK,MOHAMED ALAA,M. Alaa,Mohamed Alaa,SI,Mohamed Alaaeldin Soliman M,AHMED,M. ALAA,wc2026-EGY-26,Cambio de nombre,
ENG,England,1,GK,PICKFORD Jordan,Jordan Pickford,Pickford Jordan,SI,Jordan Lee,PICKFORD,PICKFORD,wc2026-ENG-1,Cambio de nombre,
ENG,England,2,DF,KONSA Ezri,Ezri Konsa,Konsa Ezri,SI,Ezri Ngoyo,KONSA,KONSA,wc2026-ENG-2,Cambio de nombre,
ENG,England,3,DF,OREILLY Nico,Nico O'reilly,Oreilly Nico,SI,Nico,O'REILLY,O'REILLY,wc2026-ENG-3,Cambio de nombre,
ENG,England,4,MF,RICE Declan,Declan Rice,Rice Declan,SI,Declan,RICE,RICE,wc2026-ENG-4,Cambio de nombre,
ENG,England,5,DF,STONES John,John Stones,Stones John,SI,John,STONES,STONES,wc2026-ENG-5,Cambio de nombre,
ENG,England,6,DF,GUEHI Marc,Addji Guehi,Guehi Marc,SI,Addji Keaninkin Marc-Isreal,GUEHI,GUEHI,wc2026-ENG-6,Cambio de nombre,
ENG,England,7,FW,SAKA Bukayo,Bukayo Saka,Saka Bukayo,SI,Bukayo Ayoyinka,SAKA,SAKA,wc2026-ENG-7,Cambio de nombre,
ENG,England,8,MF,ANDERSON Elliot,Elliot Anderson,Anderson Elliot,SI,Elliot Junior,ANDERSON,ANDERSON,wc2026-ENG-8,Cambio de nombre,
ENG,England,9,FW,KANE Harry,Harry Kane,Kane Harry,SI,Harry Edward,KANE,KANE,wc2026-ENG-9,Cambio de nombre,
ENG,England,10,MF,BELLINGHAM Jude,Jude Bellingham,Bellingham Jude,SI,Jude Victor William,BELLINGHAM,BELLINGHAM,wc2026-ENG-10,Cambio de nombre,
ENG,England,11,FW,RASHFORD Marcus,Marcus Rashford,Rashford Marcus,SI,Marcus,RASHFORD,RASHFORD,wc2026-ENG-11,Cambio de nombre,
ENG,England,12,DF,LIVRAMENTO Tino,Valentino Livramento,Livramento Tino,SI,Valentino Francisco,LIVRAMENTO,LIVRAMENTO,wc2026-ENG-12,Cambio de nombre,
ENG,England,13,GK,HENDERSON Dean,D. Henderson,Henderson Dean,SI,Dean Bradley,HENDERSON,D. HENDERSON,wc2026-ENG-13,Cambio de nombre,
ENG,England,14,MF,HENDERSON Jordan,J. Henderson,Henderson Jordan,SI,Jordan Brian,HENDERSON,J. HENDERSON,wc2026-ENG-14,Cambio de nombre,
ENG,England,15,DF,BURN Dan,Daniel Burn,Burn Dan,SI,Daniel Johnson,BURN,BURN,wc2026-ENG-15,Cambio de nombre,
ENG,England,16,MF,MAINOO Kobbie,Kobbie Mainoo,Mainoo Kobbie,SI,Kobbie Boateng,MAINOO,MAINOO,wc2026-ENG-16,Cambio de nombre,
ENG,England,17,MF,ROGERS Morgan,Morgan Rogers,Rogers Morgan,SI,Morgan Elliot,ROGERS,ROGERS,wc2026-ENG-17,Cambio de nombre,
ENG,England,18,FW,GORDON Anthony,Anthony Gordon,Gordon Anthony,SI,Anthony Michael,GORDON,GORDON,wc2026-ENG-18,Cambio de nombre,
ENG,England,19,FW,WATKINS Ollie,Oliver Watkins,Watkins Ollie,SI,Oliver George Arthur,WATKINS,WATKINS,wc2026-ENG-19,Cambio de nombre,
ENG,England,20,FW,MADUEKE Noni,Chukwunonso Madueke,Madueke Noni,SI,Chukwunonso Azuka Tristan,MADUEKE,MADUEKE,wc2026-ENG-20,Cambio de nombre,
ENG,England,21,MF,EZE Eberechi,Eberechi Eze,Eze Eberechi,SI,Eberechi Oluchi,EZE,EZE,wc2026-ENG-21,Cambio de nombre,
ENG,England,22,FW,TONEY Ivan,Ivan Toney,Toney Ivan,SI,Ivan Benjamin Elijah,TONEY,TONEY,wc2026-ENG-22,Cambio de nombre,
ENG,England,23,GK,TRAFFORD James,James Trafford,Trafford James,SI,James Harrington,TRAFFORD,TRAFFORD,wc2026-ENG-23,Cambio de nombre,
ENG,England,24,DF,JAMES Reece,Reece James,James Reece,SI,Reece Lewis,JAMES,JAMES,wc2026-ENG-24,Cambio de nombre,
ENG,England,25,DF,SPENCE Djed,Diop Spence,Spence Djed,SI,Diop Tehuti Djed-Hotep,SPENCE,SPENCE,wc2026-ENG-25,Cambio de nombre,
ENG,England,26,DF,QUANSAH Jarell,Jarell Quansah,Quansah Jarell,SI,Jarell Amorin,QUANSAH,QUANSAH,wc2026-ENG-26,Cambio de nombre,
FRA,France,1,GK,SAMBA Brice,Brice Samba,Samba Brice,SI,Brice Lauriche,SAMBA,SAMBA,wc2026-FRA-1,Cambio de nombre,
FRA,France,2,DF,GUSTO Malo,Malo Gusto,Gusto Malo,SI,Malo Arthur,GUSTO,GUSTO,wc2026-FRA-2,Cambio de nombre,
FRA,France,3,DF,DIGNE Lucas,Lucas Digne,Digne Lucas,SI,Lucas,DIGNE,DIGNE,wc2026-FRA-3,Cambio de nombre,
FRA,France,4,DF,UPAMECANO Dayot,Dayotchanculle Upamecano,Upamecano Dayot,SI,Dayotchanculle Oswald,UPAMECANO,UPAMECANO,wc2026-FRA-4,Cambio de nombre,
FRA,France,5,DF,KOUNDE Jules,Jules Kounde,Kounde Jules,SI,Jules Olivier,KOUNDE,KOUNDE,wc2026-FRA-5,Cambio de nombre,
FRA,France,6,MF,KONE Manu,Kouadio Kone,Kone Manu,SI,Kouadio Emmanuel Boris,KONE,KONE,wc2026-FRA-6,Cambio de nombre,
FRA,France,7,FW,DEMBELE Ousmane,Masour Dembele,Dembele Ousmane,SI,Masour Ousmane,DEMBELE,DEMBELE,wc2026-FRA-7,Cambio de nombre,
FRA,France,8,MF,TCHOUAMENI Aurelien,Aurélien Tchouameni,Tchouameni Aurelien,SI,Aurélien Djani,TCHOUAMENI,TCHOUAMENI,wc2026-FRA-8,Cambio de nombre,
FRA,France,9,FW,THURAM Marcus,Marcus Thuram,Thuram Marcus,SI,Marcus Lilian,THURAM-ULIEN,THURAM,wc2026-FRA-9,Cambio de nombre,
FRA,France,10,FW,MBAPPE Kylian,Kylian Mbappe,Mbappe Kylian,SI,Kylian,MBAPPE LOTTIN,MBAPPE,wc2026-FRA-10,Cambio de nombre,
FRA,France,11,FW,OLISE Michael,Michael Olise,Olise Michael,SI,Michael Akpovie,OLISE,OLISE,wc2026-FRA-11,Cambio de nombre,
FRA,France,12,FW,BARCOLA Bradley,Bradley Barcola,Barcola Bradley,SI,Bradley Jean-Manuel Essolisa A,BARCOLA,BARCOLA,wc2026-FRA-12,Cambio de nombre,
FRA,France,13,MF,KANTE Ngolo,N'golo Kante,Kante Ngolo,SI,N'golo,KANTE,KANTE,wc2026-FRA-13,Cambio de nombre,
FRA,France,14,MF,RABIOT Adrien,Adrien Rabiot,Rabiot Adrien,SI,Adrien Thibault Marie,RABIOT,RABIOT,wc2026-FRA-14,Cambio de nombre,
FRA,France,15,DF,KONATE Ibrahima,Ibrahima Konate,Konate Ibrahima,SI,Ibrahima,KONATÉ,KONATE,wc2026-FRA-15,Cambio de nombre,
FRA,France,16,GK,MAIGNAN Mike,Mike Maignan,Maignan Mike,SI,Mike Peterson,MAIGNAN,MAIGNAN,wc2026-FRA-16,Cambio de nombre,
FRA,France,17,DF,SALIBA William,William Saliba,Saliba William,SI,William Alain André Gabriel,SALIBA,SALIBA,wc2026-FRA-17,Cambio de nombre,
FRA,France,18,MF,ZAIRE-EMERY Warren,Zaire Emery,Zaire-emery Warren,SI,Warren Marie Jean-Pierre,ZAÏRE-EMERY,ZAIRE EMERY,wc2026-FRA-18,Cambio de nombre,
FRA,France,19,DF,HERNANDEZ Theo,T. Hernandez,Hernandez Theo,SI,Théo Bernard François,HERNANDEZ,T. HERNANDEZ,wc2026-FRA-19,Cambio de nombre,
FRA,France,20,FW,DOUE Desire,Désiré Doue,Doue Desire,SI,Désiré Nonka-Maho,DOUE,DOUE,wc2026-FRA-20,Cambio de nombre,
FRA,France,21,DF,HERNANDEZ Lucas,L. Hernandez,Hernandez Lucas,SI,Lucas Francois Bernard,HERNANDEZ,L. HERNANDEZ,wc2026-FRA-21,Cambio de nombre,
FRA,France,22,FW,MATETA Jean-Philippe,Jean-philippe Mateta,Mateta Jean-philippe,SI,Jean-Philippe,MATETA,MATETA,wc2026-FRA-22,Cambio de nombre,
FRA,France,23,GK,RISSER Robin,Robin Risser,Risser Robin,SI,Robin François Philippe,RISSER,RISSER,wc2026-FRA-23,Cambio de nombre,
FRA,France,24,MF,CHERKI Rayan,Mathis Cherki,Cherki Rayan,SI,Mathis Rayan,CHERKI,CHERKI,wc2026-FRA-24,Cambio de nombre,
FRA,France,25,MF,AKLIOUCHE Maghnes,Maghnes Akliouche,Akliouche Maghnes,SI,Maghnes,AKLIOUCHE,AKLIOUCHE,wc2026-FRA-25,Cambio de nombre,
FRA,France,26,DF,LACROIX Maxence,Maxence Lacroix,Lacroix Maxence,SI,Maxence Guy,LACROIX,LACROIX,wc2026-FRA-26,Cambio de nombre,
GER,Germany,1,GK,NEUER Manuel,Manuel Neuer,Neuer Manuel,SI,Manuel Peter,NEUER,NEUER,wc2026-GER-1,Cambio de nombre,
GER,Germany,2,DF,RUEDIGER Antonio,Antonio Rüdiger,Ruediger Antonio,SI,Antonio,RÜDIGER,RÜDIGER,wc2026-GER-2,Cambio de nombre,
GER,Germany,3,DF,ANTON Waldemar,Waldemar Anton,Anton Waldemar,SI,Waldemar,ANTON,ANTON,wc2026-GER-3,Cambio de nombre,
GER,Germany,4,DF,TAH Jonathan,Jonathan Tah,Tah Jonathan,SI,Jonathan Glao,TAH,TAH,wc2026-GER-4,Cambio de nombre,
GER,Germany,5,MF,PAVLOVIC Aleksandar,Aleksandar Pavlović,Pavlovic Aleksandar,SI,Aleksandar,PAVLOVIĆ,PAVLOVIĆ,wc2026-GER-5,Cambio de nombre,
GER,Germany,6,DF,KIMMICH Joshua,Joshua Kimmich,Kimmich Joshua,SI,Joshua Walter,KIMMICH,KIMMICH,wc2026-GER-6,Cambio de nombre,
GER,Germany,7,FW,HAVERTZ Kai,Kai Havertz,Havertz Kai,SI,Kai Lukas,HAVERTZ,HAVERTZ,wc2026-GER-7,Cambio de nombre,
GER,Germany,8,MF,GORETZKA Leon,Leon Goretzka,Goretzka Leon,SI,Leon Christoph,GORETZKA,GORETZKA,wc2026-GER-8,Cambio de nombre,
GER,Germany,9,MF,LEWELING Jamie,Jamie Leweling,Leweling Jamie,SI,Jamie Jaleel Jeremy,LEWELING,LEWELING,wc2026-GER-9,Cambio de nombre,
GER,Germany,10,MF,MUSIALA Jamal,Jamal Musiala,Musiala Jamal,SI,Jamal,MUSIALA,MUSIALA,wc2026-GER-10,Cambio de nombre,
GER,Germany,11,FW,WOLTEMADE Nick,Nick Woltemade,Woltemade Nick,SI,Nick,WOLTEMADE,WOLTEMADE,wc2026-GER-11,Cambio de nombre,
GER,Germany,12,GK,BAUMANN Oliver,Oliver Baumann,Baumann Oliver,SI,Oliver,BAUMANN,BAUMANN,wc2026-GER-12,Cambio de nombre,
GER,Germany,13,MF,GROSS Pascal,Pascal Groß,Gross Pascal,SI,Pascal Alexander,GROß,GROß,wc2026-GER-13,Cambio de nombre,
GER,Germany,14,FW,BEIER Maximilian,Maximilian Beier,Beier Maximilian,SI,Maximilian,BEIER,BEIER,wc2026-GER-14,Cambio de nombre,
GER,Germany,15,DF,SCHLOTTERBECK Nico,Nico Schlotterbeck,Schlotterbeck Nico,SI,Nico Cédric,SCHLOTTERBECK,SCHLOTTERBECK,wc2026-GER-15,Cambio de nombre,
GER,Germany,16,MF,STILLER Angelo,Angelo Stiller,Stiller Angelo,SI,Angelo Nicolas,STILLER,STILLER,wc2026-GER-16,Cambio de nombre,
GER,Germany,17,MF,WIRTZ Florian,Florian Wirtz,Wirtz Florian,SI,Florian Richard,WIRTZ,WIRTZ,wc2026-GER-17,Cambio de nombre,
GER,Germany,18,DF,BROWN Nathaniel,Nathaniel Brown,Brown Nathaniel,SI,Nathaniel Christopher,BROWN,BROWN,wc2026-GER-18,Cambio de nombre,
GER,Germany,19,MF,SANE Leroy,Leroy Sané,Sane Leroy,SI,Leroy Aziz,SANÉ,SANÉ,wc2026-GER-19,Cambio de nombre,
GER,Germany,20,MF,AMIRI Nadiem,Nadiem Amiri,Amiri Nadiem,SI,Nadiem,AMIRI,AMIRI,wc2026-GER-20,Cambio de nombre,
GER,Germany,21,GK,NUEBEL Alexander,Alexander Nübel,Nuebel Alexander,SI,Alexander,NÜBEL,NÜBEL,wc2026-GER-21,Cambio de nombre,
GER,Germany,22,DF,RAUM David,David Raum,Raum David,SI,David,RAUM,RAUM,wc2026-GER-22,Cambio de nombre,
GER,Germany,23,MF,NMECHA Felix,Felix Nmecha,Nmecha Felix,SI,Felix Kalu,NMECHA,NMECHA,wc2026-GER-23,Cambio de nombre,
GER,Germany,24,DF,THIAW Malick,Malick Thiaw,Thiaw Malick,SI,Malick,THIAW,THIAW,wc2026-GER-24,Cambio de nombre,
GER,Germany,25,MF,KARL Lennart,Lennart Karl,Karl Lennart,SI,Lennart,KARL,KARL,wc2026-GER-25,Cambio de nombre,
GER,Germany,26,FW,UNDAV Deniz,Deniz Undav,Undav Deniz,SI,Deniz,UNDAV,UNDAV,wc2026-GER-26,Cambio de nombre,
GHA,Ghana,1,GK,ZIGI Lawrence Ati,Lawrence Zigi,Zigi Lawrence Ati,SI,Lawrence Ati,ZIGI,ZIGI,wc2026-GHA-1,Cambio de nombre,
GHA,Ghana,2,DF,SEIDU Alidu,Alidu Seidu,Seidu Alidu,SI,Alidu,SEIDU,SEIDU,wc2026-GHA-2,Cambio de nombre,
GHA,Ghana,3,MF,YIRENKYI Caleb,Caleb Yirenkyi,Yirenkyi Caleb,SI,Caleb Marfo,YIRENKYI,CALEB,wc2026-GHA-3,Cambio de nombre,
GHA,Ghana,4,DF,ADJETEY Jonas,Jonas Adjetey,Adjetey Jonas,SI,Jonas Adjei,ADJETEY,ADJETEY,wc2026-GHA-4,Cambio de nombre,
GHA,Ghana,5,MF,PARTEY Thomas,Thomas Partey,Partey Thomas,SI,Thomas Teye,PARTEY,THOMAS,wc2026-GHA-5,Cambio de nombre,
GHA,Ghana,6,DF,MUMIN Abdul,Abdul Suleman,Mumin Abdul,SI,Abdul Mumin,SULEMAN,SULEMAN,wc2026-GHA-6,Cambio de nombre,
GHA,Ghana,7,FW,ISSAHAKU Fatawu,Abdul Issahaku,Issahaku Fatawu,SI,Abdul Fatawu,ISSAHAKU,FATAWU,wc2026-GHA-7,Cambio de nombre,
GHA,Ghana,8,MF,SIBO Kwasi,Kwasi Sibo,Sibo Kwasi,SI,Kwasi,SIBO,SIBO,wc2026-GHA-8,Cambio de nombre,
GHA,Ghana,9,FW,AYEW Jordan,Jordan Ayew,Ayew Jordan,SI,Jordan Pierre,AYEW,AYEW,wc2026-GHA-9,Cambio de nombre,
GHA,Ghana,10,FW,THOMAS-ASANTE Brandon,Solomon Asante,Thomas-asante Brandon,SI,Solomon Brandon Michael Clarke,THOMAS-ASANTE,ASANTE,wc2026-GHA-10,Cambio de nombre,
GHA,Ghana,11,MF,SEMENYO Antoine,Antoine Semenyo,Semenyo Antoine,SI,Antoine Serlom,SEMENYO,SEMENYO,wc2026-GHA-11,Cambio de nombre,
GHA,Ghana,12,GK,ANANG Joseph,Joseph Anang,Anang Joseph,SI,Joseph Tetteh,ANANG,ANANG,wc2026-GHA-12,Cambio de nombre,
GHA,Ghana,13,FW,BAAH Christopher Bonsu,Christopher Baah,Baah Christopher Bonsu,SI,Christopher Bonsu,BAAH,BAAH,wc2026-GHA-13,Cambio de nombre,
GHA,Ghana,14,DF,MENSAH Gideon,Gideon Mensah,Mensah Gideon,SI,Gideon,MENSAH,MENSAH,wc2026-GHA-14,Cambio de nombre,
GHA,Ghana,15,MF,OWUSU Elisha,Elisha Owusu,Owusu Elisha,SI,Elisha,OWUSU,OWUSU,wc2026-GHA-15,Cambio de nombre,
GHA,Ghana,16,GK,ASARE Benjamin,Benjamin Asare,Asare Benjamin,SI,Benjamin,ASARE,ASARE,wc2026-GHA-16,Cambio de nombre,
GHA,Ghana,17,DF,RAHMAN Baba,Abdul Baba,Rahman Baba,SI,Abdul Rahaman,BABA,BABA,wc2026-GHA-17,Cambio de nombre,
GHA,Ghana,18,DF,OPOKU Jerome,Jerome Opoku,Opoku Jerome,SI,Jerome,OPOKU,OPOKU,wc2026-GHA-18,Cambio de nombre,
GHA,Ghana,19,FW,WILLIAMS Inaki,Inaki Williams,Williams Inaki,SI,Inaki,WILLIAMS ARTHUER,WILLIAMS,wc2026-GHA-19,Cambio de nombre,
GHA,Ghana,20,MF,BOAKYE Augustine,Augustine Boakye,Boakye Augustine,SI,Augustine,BOAKYE,BOAKYE,wc2026-GHA-20,Cambio de nombre,
GHA,Ghana,21,DF,OPPONG Kojo Peprah,Kojo Oppong,Oppong Kojo Peprah,SI,Kojo Peprah,OPPONG,PEPRAH,wc2026-GHA-21,Cambio de nombre,
GHA,Ghana,22,FW,SULEMANA Kamaldeen,Kamal Kamaldeen,Sulemana Kamaldeen,SI,Kamal Deen,SULEMANA,KAMALDEEN,wc2026-GHA-22,Cambio de nombre,
GHA,Ghana,23,DF,LUCKASSEN Derrick,Derrick Luckassen,Luckassen Derrick,SI,Derrick,LUCKASSEN,LUCKASSEN,wc2026-GHA-23,Cambio de nombre,
GHA,Ghana,24,FW,NUAMAH Ernest,Ernest Appiah,Nuamah Ernest,SI,Ernest Nuamah,APPIAH,NUAMAH,wc2026-GHA-24,Cambio de nombre,
GHA,Ghana,25,FW,ADU Prince,Prince Adu,Adu Prince,SI,Prince Kwabena,ADU,ADU,wc2026-GHA-25,Cambio de nombre,
GHA,Ghana,26,DF,SENAYA Marvin,Marvin Seneya,Senaya Marvin,SI,Marvin Elom,SENAYA,SENEYA,wc2026-GHA-26,Cambio de nombre,
HAI,Haiti,1,GK,PLACIDE Johny,Johny Placide,Placide Johny,SI,Johny,PLACIDE,PLACIDE,wc2026-HAI-1,Cambio de nombre,
HAI,Haiti,2,DF,ARCUS Carlens,Carlens Arcus,Arcus Carlens,SI,Carlens Jean Fedlaire Ruby,ARCUS,ARCUS,wc2026-HAI-2,Cambio de nombre,
HAI,Haiti,3,DF,THERMONCY Keeto,Keeto Thermoncy,Thermoncy Keeto,SI,Keeto,THERMONCY,THERMONCY,wc2026-HAI-3,Cambio de nombre,
HAI,Haiti,4,DF,ADE Ricardo,Ricardo Ade,Ade Ricardo,SI,Ricardo,ADE,ADE,wc2026-HAI-4,Cambio de nombre,
HAI,Haiti,5,DF,DELCROIX Hannes,Hannes Delcroix,Delcroix Hannes,SI,Hannes Piterson D,DELCROIX,DELCROIX,wc2026-HAI-5,Cambio de nombre,
HAI,Haiti,6,MF,SAINTE Carl,Carl Sainte,Sainte Carl,SI,Carl Fred,SAINTE,SAINTE,wc2026-HAI-6,Cambio de nombre,
HAI,Haiti,7,FW,ETIENNE Derrick,Etienne Jr,Etienne Derrick,SI,Derrick Burckley,ETIENNE JR,ETIENNE JR,wc2026-HAI-7,Cambio de nombre,
HAI,Haiti,8,DF,EXPERIENCE Martin,Martin Experience,Experience Martin,SI,Martin Yves Roberns Didier,EXPERIENCE,EXPERIENCE,wc2026-HAI-8,Cambio de nombre,
HAI,Haiti,9,FW,NAZON Duckens,Duckens Nazon,Nazon Duckens,SI,Duckens,NAZON,NAZON,wc2026-HAI-9,Cambio de nombre,
HAI,Haiti,10,MF,BELLEGARDE Jean-Ricner,Jean Bellegarde,Bellegarde Jean-ricner,SI,Jean Ricner,BELLEGARDE,BELLEGARDE,wc2026-HAI-10,Cambio de nombre,
HAI,Haiti,11,FW,DEEDSON Louicius,Don Deedson,Deedson Louicius,SI,Don Louicius,DEEDSON,DEEDSON,wc2026-HAI-11,Cambio de nombre,
HAI,Haiti,12,GK,PIERRE Alexandre,A. Pierre,Pierre Alexandre,SI,Alexandre Jr,PIERRE,A. PIERRE,wc2026-HAI-12,Cambio de nombre,
HAI,Haiti,13,DF,LACROIX Markhus,Markhus Lacroix,Lacroix Markhus,SI,Markhus,LACROIX,LACROIX,wc2026-HAI-13,Cambio de nombre,
HAI,Haiti,14,MF,PIERRE Leverton,L. Pierre,Pierre Leverton,SI,Leverton,PIERRE,L. PIERRE,wc2026-HAI-14,Cambio de nombre,
HAI,Haiti,15,FW,PROVIDENCE Ruben,Ruben Providence,Providence Ruben,SI,Ruben Fritzner,PROVIDENCE,PROVIDENCE,wc2026-HAI-15,Cambio de nombre,
HAI,Haiti,16,FW,JOSEPH Lenny,Lenny Joseph,Joseph Lenny,SI,Lenny Alvin Pico,JOSEPH,JOSEPH,wc2026-HAI-16,Cambio de nombre,
HAI,Haiti,17,MF,JEAN JACQUES Danley,Jean Jacques,Jean Jacques Danley,SI,Danley,JEAN JACQUES,JEAN JACQUES,wc2026-HAI-17,Cambio de nombre,
HAI,Haiti,18,FW,ISIDOR Wilson,Wilson Isidor,Isidor Wilson,SI,Wilson,ISIDOR,ISIDOR,wc2026-HAI-18,Cambio de nombre,
HAI,Haiti,19,FW,FORTUNE Yassin,Yassin Fortune,Fortune Yassin,SI,Yassin Enzo,FORTUNE,FORTUNE,wc2026-HAI-19,Cambio de nombre,
HAI,Haiti,20,FW,PIERROT Frantzdy,Frantzdy Pierrot,Pierrot Frantzdy,SI,Frantzdy,PIERROT,PIERROT,wc2026-HAI-20,Cambio de nombre,
HAI,Haiti,21,FW,CASIMIR Josue,Josue Casimir,Casimir Josue,SI,Josue Jeremie,CASIMIR,CASIMIR,wc2026-HAI-21,Cambio de nombre,
HAI,Haiti,22,DF,DUVERNE Jean-Kevin,Jean-kévin Duverne,Duverne Jean-kevin,SI,Jean-Kévin,DUVERNE,DUVERNE,wc2026-HAI-22,Cambio de nombre,
HAI,Haiti,23,GK,DUVERGER Josue,Josue Duverger,Duverger Josue,SI,Josue,DUVERGER,DUVERGER,wc2026-HAI-23,Cambio de nombre,
HAI,Haiti,24,DF,PAUGAIN Wilguens,Wilguens Paugin,Paugain Wilguens,SI,Wilguens Raphael Polynice,PAUGAIN,PAUGIN,wc2026-HAI-24,Cambio de nombre,
HAI,Haiti,25,MF,SIMON Dominique,Dominique Simon,Simon Dominique,SI,Dominique Celidor,SIMON,SIMON,wc2026-HAI-25,Cambio de nombre,
HAI,Haiti,26,MF,PIERRE Woodensky,W. Pierre,Pierre Woodensky,SI,Olivier Woodensky,PIERRE,W. PIERRE,wc2026-HAI-26,Cambio de nombre,
IRN,Iran,1,GK,BEIRANVAND Alireza,Ali Beiranvand,Beiranvand Alireza,SI,Ali Reza,SAFARBEIRANVAND,BEIRANVAND,wc2026-IRN-1,Cambio de nombre,
IRN,Iran,2,DF,HARDANI Saleh,Saleh Kherad,Hardani Saleh,SI,Saleh,HARDANI KHERAD,SALEH,wc2026-IRN-2,Cambio de nombre,
IRN,Iran,3,DF,HAJISAFI Ehsan,E. Hajisafi,Hajisafi Ehsan,SI,Ehsan,HAJI SAFI,E. HAJISAFI,wc2026-IRN-3,Cambio de nombre,
IRN,Iran,4,DF,KHALILZADEH Shoja,Shojae Shoja,Khalilzadeh Shoja,SI,Shojae,KHALILZADEH,SHOJA,wc2026-IRN-4,Cambio de nombre,
IRN,Iran,5,DF,MOHAMMADI Milad,M. Mohammadi,Mohammadi Milad,SI,Milad,MOHAMMADIKESHMARZI,M. MOHAMMADI,wc2026-IRN-5,Cambio de nombre,
IRN,Iran,6,MF,EZATOLAHI Saeid,S. Ezatolahi,Ezatolahi Saeid,SI,Saeid,EZATOLAHI AFAGH,S. EZATOLAHI,wc2026-IRN-6,Cambio de nombre,
IRN,Iran,7,MF,JAHANBAKHSH Alireza,A. Jahanbakhsh,Jahanbakhsh Alireza,SI,Alireza,JAHANBAKHSH JIRANDEH,A. JAHANBAKHSH,wc2026-IRN-7,Cambio de nombre,
IRN,Iran,8,MF,MOHEBBI Mohammad,M. Mohebbi,Mohebbi Mohammad,SI,Mohammad,MOHEBBI,M. MOHEBBI,wc2026-IRN-8,Cambio de nombre,
IRN,Iran,9,FW,TAREMI Mehdi,Mehdi Taremi,Taremi Mehdi,SI,Mehdi,TAREMI,TAREMI,wc2026-IRN-9,Cambio de nombre,
IRN,Iran,10,FW,GHAYEDI Mehdi,Mehdi Ghayedi,Ghayedi Mehdi,SI,Mehdi,GHAYEDI,MEHDI GHAYEDI,wc2026-IRN-10,Cambio de nombre,
IRN,Iran,11,FW,ALIPOUR Ali,A. Alipour,Alipour Ali,SI,Ali,ALIPOURGHARA,A. ALIPOUR,wc2026-IRN-11,Cambio de nombre,
IRN,Iran,12,GK,NIAZMAND Payam,Seyedpayam Payam,Niazmand Payam,SI,Seyedpayam,NIAZMAND,PAYAM,wc2026-IRN-12,Cambio de nombre,
IRN,Iran,13,DF,KANANI Hossein,Mohammadhossein Kanani,Kanani Hossein,SI,Mohammadhossein,KANANI ZADEGAN,KANANI,wc2026-IRN-13,Cambio de nombre,
IRN,Iran,14,MF,GHODDOS Saman,Seyed Ghoddos,Ghoddos Saman,SI,Seyed Saman,GHODDOOS,GHODDOS,wc2026-IRN-14,Cambio de nombre,
IRN,Iran,15,MF,CHESHMI Roozbeh,Roozbeh Cheshmi,Cheshmi Roozbeh,SI,Roozbeh,CHESHMI,ROOZBEH,wc2026-IRN-15,Cambio de nombre,
IRN,Iran,16,MF,TORABI Mehdi,M. Torabi,Torabi Mehdi,SI,Mahdi,TORABI,M. TORABI,wc2026-IRN-16,Cambio de nombre,
IRN,Iran,17,DF,YOUSEFI Arya,Arya Yousefi,Yousefi Arya,SI,Arya,YOUSEFI,ARYA,wc2026-IRN-17,Cambio de nombre,
IRN,Iran,18,FW,HOSSEINZADEH Amirhossein,Amirhossein Hosseinzadehtazehgheshlagh,Hosseinzadeh Amirhossein,SI,Amirhossein,HOSSEINZADEHTAZEHGHESHLAGH,AMIRHOSSEIN,wc2026-IRN-18,Cambio de nombre,
IRN,Iran,19,DF,NEMATI Ali,Ali Nemati,Nemati Ali,SI,Ali,NEMATI,ALI,wc2026-IRN-19,Cambio de nombre,
IRN,Iran,20,FW,MOGHANLOO Shahriyar,Shahriyar Moghanloo,Moghanloo Shahriyar,SI,Shahriyar,MOGHANLOO,SHAHRIYAR,wc2026-IRN-20,Cambio de nombre,
IRN,Iran,21,MF,GHORBANI Mohammad,Mohammad Ghorbani,Ghorbani Mohammad,SI,Mohammad,GHORBANI,MOHAMMAD,wc2026-IRN-21,Cambio de nombre,
IRN,Iran,22,GK,HOSSEINI Hossein,Seyedhossein Hosseini,Hosseini Hossein,SI,Seyedhossein,HOSSEINI,HOSSEINI,wc2026-IRN-22,Cambio de nombre,
IRN,Iran,23,DF,REZAEIAN Ramin,Ramin Rezaeiansemeskandi,Rezaeian Ramin,SI,Ramin,REZAEIANSEMESKANDI,RAMIN,wc2026-IRN-23,Cambio de nombre,
IRN,Iran,24,FW,DARGAHI Dennis,Dennis Dargahi,Dargahi Dennis,SI,Dennis,DARGAHI,DARGAHI,wc2026-IRN-24,Cambio de nombre,
IRN,Iran,25,DF,IRI Danial,Danial Iri,Iri Danial,SI,Danial,IRI,DANIAL,wc2026-IRN-25,Cambio de nombre,
IRN,Iran,26,MF,RAZAGHINIA Amirmohammad,Amirmohammad Razagh,Razaghinia Amirmohammad,SI,Amirmohammad,RAZAGHINIA,RAZAGH,wc2026-IRN-26,Cambio de nombre,
IRQ,Iraq,1,GK,FAHAD TALIB,Fahad Raheem,Fahad Talib,SI,Fahad Talib Raheem,RAHEEM,FAHAD,wc2026-IRQ-1,Cambio de nombre,
IRQ,Iraq,2,DF,REBIN GHAREEB,Rebin Adhamat,Rebin Ghareeb,SI,Rebin Ghareeb Solaka,ADHAMAT,REBIN,wc2026-IRQ-2,Cambio de nombre,
IRQ,Iraq,3,DF,HUSSEIN ALI,Hussein Ali,Hussein Ali,,Hussein Haydar Hussein,ALI,HUSSEIN,wc2026-IRQ-3,,
IRQ,Iraq,4,DF,ZAID TAHSEEN,Zaid T.,Zaid Tahseen,SI,Zaid Tahseen Abd Zaid,HANTOOSH,ZAID T.,wc2026-IRQ-4,Cambio de nombre,
IRQ,Iraq,5,DF,AKAM HASHIM,Akam Rahman,Akam Hashim,SI,Akam Hashim Rahman,RAHMAN,AKAM,wc2026-IRQ-5,Cambio de nombre,
IRQ,Iraq,6,DF,MUNAF YOUNUS,Munaf Al-tekreeti,Munaf Younus,SI,Munaf Younus Hashim,AL-TEKREETI,MUNAF,wc2026-IRQ-6,Cambio de nombre,
IRQ,Iraq,7,MF,YOUSSEF AMYN,Youssef Amyn,Youssef Amyn,,Youssef Wali Faeq,AMYN,YOUSSEF,wc2026-IRQ-7,,
IRQ,Iraq,8,MF,IBRAHIM BAYESH,Ibrahim Al-kaabawi,Ibrahim Bayesh,SI,Ibrahim Bayesh Kamil,AL-KAABAWI,IBRAHIM,wc2026-IRQ-8,Cambio de nombre,
IRQ,Iraq,9,FW,ALI ALHAMADI,Ali Al-hamadi,Ali Alhamadi,SI,Ali Ibrahim Karim,ALZUBAIDI,AL-HAMADI,wc2026-IRQ-9,Cambio de nombre,
IRQ,Iraq,10,FW,MOHANAD ALI,Mohanad Al-shammari,Mohanad Ali,SI,Mohanad Ali Kadhim,AL-SHAMMARI,MOHANAD,wc2026-IRQ-10,Cambio de nombre,
IRQ,Iraq,11,FW,AHMED QASIM,Ahmed Q.,Ahmed Qasim,SI,Ahmed Ihab Ahmed,AHMED,AHMED Q.,wc2026-IRQ-11,Cambio de nombre,
IRQ,Iraq,12,GK,JALAL HASSAN,Jalal Hachim,Jalal Hassan,SI,Jalal Hasan Hachim,HACHIM,JALAL,wc2026-IRQ-12,Cambio de nombre,
IRQ,Iraq,13,FW,ALI YOUSIF,Ali Y.,Ali Yousif,SI,Ali Yousif Hashim,NAJATEE,ALI Y.,wc2026-IRQ-13,Cambio de nombre,
IRQ,Iraq,14,MF,ZIDANE IQBAL,Zidane Z.iqbal,Zidane Iqbal,SI,Zidane Aamar Iqbal,IQBAL,Z.IQBAL,wc2026-IRQ-14,Cambio de nombre,
IRQ,Iraq,15,DF,AHMED YAHYA,Ahmed Al-hajjaj,Ahmed Yahya,SI,Ahmed Yahya Mhmood,AL-HAJJAJ,AHMED,wc2026-IRQ-15,Cambio de nombre,
IRQ,Iraq,16,MF,AMIR ALAMMARI,Amir Al-ammari,Amir Alammari,SI,Amir Fouad Aboud,AL-AMMARI,AL-AMMARI,wc2026-IRQ-16,Cambio de nombre,
IRQ,Iraq,17,FW,ALI JASIM,Ali J.,Ali Jasim,SI,Ali Jasim Elaibi,AL-TAMEEMI,ALI J.,wc2026-IRQ-17,Cambio de nombre,
IRQ,Iraq,18,FW,AYMEN HUSSEIN,Aymen Ghadhban,Aymen Hussein,SI,Aymen Hussein Ghadhban,GHADHBAN,AYMEN,wc2026-IRQ-18,Cambio de nombre,
IRQ,Iraq,19,MF,KEVIN YAKOB,K. Yakob,Kevin Yakob,SI,Kevin Enkido Yakob William,WILLIAM,K. YAKOB,wc2026-IRQ-19,Cambio de nombre,
IRQ,Iraq,20,MF,AIMAR SHER,Aimar Sher,Aimar Sher,,Aimar Hazar Anwar,SHER,AIMAR,wc2026-IRQ-20,,
IRQ,Iraq,21,FW,MARKO FARJI,Marko Hussein,Marko Farji,SI,Marko Jabbar Hussein,HUSSEIN,MARKO,wc2026-IRQ-21,Cambio de nombre,
IRQ,Iraq,22,GK,AHMED BASIL,Ahmed B.,Ahmed Basil,SI,Ahmed Basil Fadhil,AL-FADHLI,AHMED B.,wc2026-IRQ-22,Cambio de nombre,
IRQ,Iraq,23,DF,MERCHAS DOSKI,Merchas Doski,Merchas Doski,,Merchas Ghazi Salih,SALIH,DOSKI,wc2026-IRQ-23,,
IRQ,Iraq,24,MF,ZAID ISMAEL,Zaid I.,Zaid Ismael,SI,Zaid Ismael Khaleel,AL-DULAIMI,ZAID I.,wc2026-IRQ-24,Cambio de nombre,
IRQ,Iraq,25,DF,MUSTAFA SAADOON,Mustafa Korji,Mustafa Saadoon,SI,Mustafa Saadoon Abbood,AL KORJI,MUSTAFA,wc2026-IRQ-25,Cambio de nombre,
IRQ,Iraq,26,DF,FRANS PUTROS,Frans Haddad,Frans Putros,SI,Frans Dhia Jirjis,HADDAD,FRANS,wc2026-IRQ-26,Cambio de nombre,
JPN,Japan,1,GK,SUZUKI Zion,Zion Suzuki,Suzuki Zion,SI,Zion,SUZUKI,SUZUKI,wc2026-JPN-1,Cambio de nombre,
JPN,Japan,2,DF,SUGAWARA Yukinari,Yukinari Sugawara,Sugawara Yukinari,SI,Yukinari,SUGAWARA,SUGAWARA,wc2026-JPN-2,Cambio de nombre,
JPN,Japan,3,DF,TANIGUCHI Shogo,Shogo Taniguchi,Taniguchi Shogo,SI,Shogo,TANIGUCHI,TANIGUCHI,wc2026-JPN-3,Cambio de nombre,
JPN,Japan,4,DF,ITAKURA Kou,Kou Itakura,Itakura Kou,SI,Kou,ITAKURA,ITAKURA,wc2026-JPN-4,Cambio de nombre,
JPN,Japan,5,DF,NAGATOMO Yuto,Yuto Nagatomo,Nagatomo Yuto,SI,Yuto,NAGATOMO,NAGATOMO,wc2026-JPN-5,Cambio de nombre,
JPN,Japan,6,MF,ENDO Wataru,Wataru Endo,Endo Wataru,SI,Wataru,ENDO,ENDO,wc2026-JPN-6,Cambio de nombre,
JPN,Japan,7,MF,TANAKA Ao,Ao Tanaka,Tanaka Ao,SI,Ao,TANAKA,TANAKA,wc2026-JPN-7,Cambio de nombre,
JPN,Japan,8,MF,KUBO Takefusa,Takefusa Kubo,Kubo Takefusa,SI,Takefusa,KUBO,KUBO,wc2026-JPN-8,Cambio de nombre,
JPN,Japan,9,FW,GOTO Keisuke,Keisuke Goto,Goto Keisuke,SI,Keisuke,GOTO,GOTO,wc2026-JPN-9,Cambio de nombre,
JPN,Japan,10,MF,DOAN Ritsu,Ritsu Doan,Doan Ritsu,SI,Ritsu,DOAN,DOAN,wc2026-JPN-10,Cambio de nombre,
JPN,Japan,11,MF,MAEDA Daizen,Daizen Maeda,Maeda Daizen,SI,Daizen,MAEDA,DAIZEN,wc2026-JPN-11,Cambio de nombre,
JPN,Japan,12,GK,OSAKO Keisuke,Keisuke Osako,Osako Keisuke,SI,Keisuke,OSAKO,OSAKO,wc2026-JPN-12,Cambio de nombre,
JPN,Japan,13,MF,NAKAMURA Keito,Keito Nakamura,Nakamura Keito,SI,Keito,NAKAMURA,NAKAMURA,wc2026-JPN-13,Cambio de nombre,
JPN,Japan,14,MF,ITO Junya,Junya Ito,Ito Junya,SI,Junya,ITO,ITO,wc2026-JPN-14,Cambio de nombre,
JPN,Japan,15,MF,KAMADA Daichi,Daichi Kamada,Kamada Daichi,SI,Daichi,KAMADA,KAMADA,wc2026-JPN-15,Cambio de nombre,
JPN,Japan,16,DF,WATANABE Tsuyoshi,Tsuyoshi Watanabe,Watanabe Tsuyoshi,SI,Tsuyoshi,WATANABE,WATANABE,wc2026-JPN-16,Cambio de nombre,
JPN,Japan,17,MF,SUZUKI Yuito,Y. Suzuki,Suzuki Yuito,SI,Yuito,SUZUKI,Y. SUZUKI,wc2026-JPN-17,Cambio de nombre,
JPN,Japan,18,FW,UEDA Ayase,Ayase Ueda,Ueda Ayase,SI,Ayase,UEDA,AYASE,wc2026-JPN-18,Cambio de nombre,
JPN,Japan,19,FW,OGAWA Koki,Koki Ogawa,Ogawa Koki,SI,Koki,OGAWA,OGAWA,wc2026-JPN-19,Cambio de nombre,
JPN,Japan,20,DF,SEKO Ayumu,Ayumu Seko,Seko Ayumu,SI,Ayumu,SEKO,SEKO,wc2026-JPN-20,Cambio de nombre,
JPN,Japan,21,DF,ITO Hiroki,H. Ito,Ito Hiroki,SI,Hiroki,ITO,H. ITO,wc2026-JPN-21,Cambio de nombre,
JPN,Japan,22,DF,TOMIYASU Takehiro,Takehiro Tomiyasu,Tomiyasu Takehiro,SI,Takehiro,TOMIYASU,TOMIYASU,wc2026-JPN-22,Cambio de nombre,
JPN,Japan,23,GK,HAYAKAWA Tomoki,Tomoki Hayakawa,Hayakawa Tomoki,SI,Tomoki,HAYAKAWA,HAYAKAWA,wc2026-JPN-23,Cambio de nombre,
JPN,Japan,24,MF,SANO Kaishu,Kaishu Sano,Sano Kaishu,SI,Kaishu,SANO,SANO,wc2026-JPN-24,Cambio de nombre,
JPN,Japan,25,DF,SUZUKI Junnosuke,J. Suzuki,Suzuki Junnosuke,SI,Junnosuke,SUZUKI,J. SUZUKI,wc2026-JPN-25,Cambio de nombre,
JPN,Japan,26,FW,SHIOGAI Kento,Kento Shiogai,Shiogai Kento,SI,Kento,SHIOGAI,SHIOGAI,wc2026-JPN-26,Cambio de nombre,
JOR,Jordan,1,GK,YAZEED ABULAILA,Yazeed Abulaila,Yazeed Abulaila,,Yazeed Mo'ien Hasan,ABULAILA,YAZEED,wc2026-JOR-1,,
JOR,Jordan,2,DF,MOHAMMAD ABUHASHEESH,Abu Hasheesh,Mohammad Abuhasheesh,SI,Mohammad Ali Hasan,ABUHASHEESH,ABU HASHEESH,wc2026-JOR-2,Cambio de nombre,
JOR,Jordan,3,DF,ABDALLAH NASIB,Abdallah Nasib,Abdallah Nasib,,Abdallah Mousa Musallam,NASIB,NASIB,wc2026-JOR-3,,
JOR,Jordan,4,DF,HUSAM ABUDAHAB,Abu Dahab,Husam Abudahab,SI,Husam Ali Mohammad,ABUDAHAB,ABU DAHAB,wc2026-JOR-4,Cambio de nombre,
JOR,Jordan,5,DF,YAZAN ALARAB,Yazan Alarab,Yazan Alarab,,Yazan Mousa Mahmoud,ALARAB,ALARAB,wc2026-JOR-5,,
JOR,Jordan,6,MF,AMER JAMOUS,Amer Jamous,Amer Jamous,,Amer Rasem Adel,JAMOUS,JAMOUS,wc2026-JOR-6,,
JOR,Jordan,7,FW,MOHAMMAD ABUZRAIQ,Abu Zraiq,Mohammad Abuzraiq,SI,Mohammad Faisal Yousef,ABU ZRAIQ,ABU ZRAIQ,wc2026-JOR-7,Cambio de nombre,
JOR,Jordan,8,MF,NOOR ALRAWABDEH,Noor Alrawabdeh,Noor Alrawabdeh,,Noor Al-Deen Mahmoud Ali,AL RAWABDEH,ALRAWABDEH,wc2026-JOR-8,,
JOR,Jordan,9,FW,ALI OLWAN,Ali Olwan,Ali Olwan,,Ali Iyad Ali,OLWAN,OLWAN,wc2026-JOR-9,,
JOR,Jordan,10,FW,MOUSA ALTAMARI,Mousa Altamari,Mousa Altamari,,Mousa Mohammad Mousa,SULEIMAN,ALTAMARI,wc2026-JOR-10,,
JOR,Jordan,11,FW,ODEH FAKHOURY,Odeh Fakhoury,Odeh Fakhoury,,Odeh Burhan Shehadeh,FAKHOURY,ODEH,wc2026-JOR-11,,
JOR,Jordan,12,GK,NOUR BANIATEYAH,Bani Ateyah,Nour Baniateyah,SI,Noureddin Zaid Khaleel,BANI ATEYAH,BANI ATEYAH,wc2026-JOR-12,Cambio de nombre,
JOR,Jordan,13,FW,MAHMOUD ALMARDI,Mahmoud Almardi,Mahmoud Almardi,,Mahmoud Nayef Ahmad,ALMARDI,ALMARDI,wc2026-JOR-13,,
JOR,Jordan,14,MF,RAJAEI AYED,Raja'ei Hasan,Rajaei Ayed,SI,Raja'ei Ayed Fadel,HASAN,RAJA'EI,wc2026-JOR-14,Cambio de nombre,
JOR,Jordan,15,MF,IBRAHIM SADEH,Ibrahim Sa'deh,Ibrahim Sadeh,SI,Ibrahim Mohammad Sami,SA'DEH,SA'DEH,wc2026-JOR-15,Cambio de nombre,
JOR,Jordan,16,DF,MOHAMMAD ABUALNADI,Abu Alnadi,Mohammad Abualnadi,SI,Mohammad Majed Jamil,ABUALNADI,ABU ALNADI,wc2026-JOR-16,Cambio de nombre,
JOR,Jordan,17,DF,SALEEM OBAID,Saleem Obaid,Saleem Obaid,,Saleem Amer Saleem,OBAID,SALEEM,wc2026-JOR-17,,
JOR,Jordan,18,FW,IBRAHIM SABRA,Ibrahim Sabra,Ibrahim Sabra,,Ibrahim Mohammad Abdallah,SABRA,SABRA,wc2026-JOR-18,,
JOR,Jordan,19,DF,SAED ALROSAN,Sa'ed Alrosan,Saed Alrosan,SI,Sa'ed Ahmad Salameh,ALROSAN,SA'ED,wc2026-JOR-19,Cambio de nombre,
JOR,Jordan,20,MF,MOHANNAD ABUTAHA,Abu Taha,Mohannad Abutaha,SI,Mohannad Mahmoud Saleh,ABU TAHA,ABU TAHA,wc2026-JOR-20,Cambio de nombre,
JOR,Jordan,21,MF,NIZAR ALRASHDAN,Nizar Al-rashdan,Nizar Alrashdan,SI,Nizar Mahmoud Ahmed,AL-RASHDAN,NIZAR,wc2026-JOR-21,Cambio de nombre,
JOR,Jordan,22,GK,ABDALLAH ALFAKHORI,Abdallah Alfakhori,Abdallah Alfakhori,,Abdallah Ra'ed Mahmoud,ALFAKHORI,ALFAKHORI,wc2026-JOR-22,,
JOR,Jordan,23,DF,EHSAN HADDAD,Ehsan Haddad,Ehsan Haddad,,Ehsan Manel Farhan,HADDAD,EHSAN,wc2026-JOR-23,,
JOR,Jordan,24,FW,ALI AZAIZEH,Ali Azaizeh,Ali Azaizeh,,Ali Ahmad Ali,AZAIZEH,AZAIZEH,wc2026-JOR-24,,
JOR,Jordan,25,MF,MOHAMMAD ALDAOUD,Mohammad Aldaoud,Mohammad Aldaoud,,Mohammad Ratib Mohammad,ALDAOUD,ALDAOUD,wc2026-JOR-25,,
JOR,Jordan,26,DF,ANAS BADAWI,Anas Badawi,Anas Badawi,,Anas Said Ghazi,BADAWI,BADAWI,wc2026-JOR-26,,
KOR,Korea Republic,1,GK,KIM Seunggyu,Seunggyu Kim,Kim Seunggyu,SI,Seunggyu,KIM,SEUNGGYU,wc2026-KOR-1,Cambio de nombre,
KOR,Korea Republic,2,DF,LEE Hanbeom,Hanbeom Lee,Lee Hanbeom,SI,Hanbeom,LEE,HANBEOM,wc2026-KOR-2,Cambio de nombre,
KOR,Korea Republic,3,MF,LEE Gihyuk,Gihyuk Lee,Lee Gihyuk,SI,Gihyuk,LEE,GIHYUK,wc2026-KOR-3,Cambio de nombre,
KOR,Korea Republic,4,DF,KIM Minjae,Minjae Kim,Kim Minjae,SI,Minjae,KIM,MINJAE,wc2026-KOR-4,Cambio de nombre,
KOR,Korea Republic,5,DF,KIM Taehyeon,Taehyeon Kim,Kim Taehyeon,SI,Taehyeon,KIM,TAEHYEON,wc2026-KOR-5,Cambio de nombre,
KOR,Korea Republic,6,MF,HWANG Inbeom,Inbeom Hwang,Hwang Inbeom,SI,Inbeom,HWANG,INBEOM,wc2026-KOR-6,Cambio de nombre,
KOR,Korea Republic,7,FW,SON Heungmin,Heung Heungmin,Son Heungmin,SI,Heung Min,SON,HEUNGMIN,wc2026-KOR-7,Cambio de nombre,
KOR,Korea Republic,8,MF,PAIK Seungho,Seungho Paik,Paik Seungho,SI,Seungho,PAIK,SEUNGHO,wc2026-KOR-8,Cambio de nombre,
KOR,Korea Republic,9,FW,CHO Guesung,Guesung Cho,Cho Guesung,SI,Guesung,CHO,GUESUNG,wc2026-KOR-9,Cambio de nombre,
KOR,Korea Republic,10,MF,LEE Jaesung,Jae Jaesung,Lee Jaesung,SI,Jae Sung,LEE,JAESUNG,wc2026-KOR-10,Cambio de nombre,
KOR,Korea Republic,11,MF,HWANG Heechan,Hee Heechan,Hwang Heechan,SI,Hee Chan,HWANG,HEECHAN,wc2026-KOR-11,Cambio de nombre,
KOR,Korea Republic,12,GK,SONG Bumkeun,Bumkeun Song,Song Bumkeun,SI,Bumkeun,SONG,BUMKEUN,wc2026-KOR-12,Cambio de nombre,
KOR,Korea Republic,13,DF,LEE Taeseok,Taeseok Lee,Lee Taeseok,SI,Taeseok,LEE,TAESEOK,wc2026-KOR-13,Cambio de nombre,
KOR,Korea Republic,14,DF,CHO Wije,Wije Cho,Cho Wije,SI,Wije,CHO,WIJE,wc2026-KOR-14,Cambio de nombre,
KOR,Korea Republic,15,DF,KIM Moonhwan,Moonhwan Kim,Kim Moonhwan,SI,Moonhwan,KIM,MOONHWAN,wc2026-KOR-15,Cambio de nombre,
KOR,Korea Republic,16,DF,PARK Jinseob,Jinseob Park,Park Jinseob,SI,Jinseob,PARK,JINSEOB,wc2026-KOR-16,Cambio de nombre,
KOR,Korea Republic,17,MF,BAE Junho,Junho Bae,Bae Junho,SI,Junho,BAE,JUNHO,wc2026-KOR-17,Cambio de nombre,
KOR,Korea Republic,18,FW,OH Hyeongyu,Hyeongyu Oh,Oh Hyeongyu,SI,Hyeongyu,OH,HYEONGYU,wc2026-KOR-18,Cambio de nombre,
KOR,Korea Republic,19,MF,LEE Kangin,Kangin Lee,Lee Kangin,SI,Kangin,LEE,KANGIN,wc2026-KOR-19,Cambio de nombre,
KOR,Korea Republic,20,MF,YANG Hyunjun,Hyunjun Yang,Yang Hyunjun,SI,Hyunjun,YANG,HYUNJUN,wc2026-KOR-20,Cambio de nombre,
KOR,Korea Republic,21,GK,JO Hyeonwoo,Hyeonwoo Jo,Jo Hyeonwoo,SI,Hyeonwoo,JO,HYEONWOO,wc2026-KOR-21,Cambio de nombre,
KOR,Korea Republic,22,DF,SEOL Youngwoo,Youngwoo Seol,Seol Youngwoo,SI,Youngwoo,SEOL,YOUNGWOO,wc2026-KOR-22,Cambio de nombre,
KOR,Korea Republic,23,DF,CASTROP Jens,Jens Castrop,Castrop Jens,SI,Jens,CASTROP,JENS,wc2026-KOR-23,Cambio de nombre,
KOR,Korea Republic,24,MF,KIM Jingyu,Jingyu Kim,Kim Jingyu,SI,Jingyu,KIM,JINGYU,wc2026-KOR-24,Cambio de nombre,
KOR,Korea Republic,25,MF,EOM Jisung,Jisung Eom,Eom Jisung,SI,Jisung,EOM,JISUNG,wc2026-KOR-25,Cambio de nombre,
KOR,Korea Republic,26,MF,LEE Donggyeong,Donggyeong Lee,Lee Donggyeong,SI,Donggyeong,LEE,DONGGYEONG,wc2026-KOR-26,Cambio de nombre,
MEX,Mexico,1,GK,RANGEL Raul,R. Rangel,Rangel Raul,SI,José Raúl,RANGEL AGUILAR,R. RANGEL,wc2026-MEX-1,Cambio de nombre,
MEX,Mexico,2,DF,SANCHEZ Jorge,J. Sánchez,Sanchez Jorge,SI,Jorge Eduardo,SÁNCHEZ RAMOS,J. SÁNCHEZ,wc2026-MEX-2,Cambio de nombre,
MEX,Mexico,3,DF,MONTES Cesar,C. Montes,Montes Cesar,SI,César Jasib,MONTES CASTRO,C. MONTES,wc2026-MEX-3,Cambio de nombre,
MEX,Mexico,4,DF,ALVAREZ Edson,E. Álvarez,Alvarez Edson,SI,Edson Omar,ÁLVAREZ VELÁZQUEZ,E. ÁLVAREZ,wc2026-MEX-4,Cambio de nombre,
MEX,Mexico,5,DF,VASQUEZ Johan,J. Vásquez,Vasquez Johan,SI,Johan Felipe,VÁSQUEZ IBARRA,J. VÁSQUEZ,wc2026-MEX-5,Cambio de nombre,
MEX,Mexico,6,MF,LIRA Erik,E. Lira,Lira Erik,SI,Erik Antonio,LIRA MÉNDEZ,E. LIRA,wc2026-MEX-6,Cambio de nombre,
MEX,Mexico,7,MF,ROMO Luis,L. Romo,Romo Luis,SI,Luis Francisco,ROMO BARRÓN,L. ROMO,wc2026-MEX-7,Cambio de nombre,
MEX,Mexico,8,MF,FIDALGO Alvaro,Álvaro Fidalgo,Fidalgo Alvaro,SI,Álvaro,FIDALGO FERNÁNDEZ,FIDALGO,wc2026-MEX-8,Cambio de nombre,
MEX,Mexico,9,FW,JIMENEZ Raul,Raúl Rodríguez,Jimenez Raul,SI,Raúl Alonso,JIMÉNEZ RODRÍGUEZ,RAÚL,wc2026-MEX-9,Cambio de nombre,
MEX,Mexico,10,FW,VEGA Alexis,A. Vega,Vega Alexis,SI,Ernesto Alexis,VEGA ROJAS,A. VEGA,wc2026-MEX-10,Cambio de nombre,
MEX,Mexico,11,FW,GIMENEZ Santiago,S. Gimenez,Gimenez Santiago,SI,Santiago Tomás,GIMENEZ,S. GIMENEZ,wc2026-MEX-11,Cambio de nombre,
MEX,Mexico,12,GK,ACEVEDO Carlos,C. Acevedo,Acevedo Carlos,SI,Carlos,ACEVEDO LÓPEZ,C. ACEVEDO,wc2026-MEX-12,Cambio de nombre,
MEX,Mexico,13,GK,OCHOA Guillermo,G. Ochoa,Ochoa Guillermo,SI,Francisco Guillermo,OCHOA MAGAÑA,G. OCHOA,wc2026-MEX-13,Cambio de nombre,
MEX,Mexico,14,FW,GONZALEZ Armando,A. González,Gonzalez Armando,SI,Armando,GONZÁLEZ ALBA,A. GONZÁLEZ,wc2026-MEX-14,Cambio de nombre,
MEX,Mexico,15,DF,REYES Israel,I. Reyes,Reyes Israel,SI,Israel,REYES ROMERO,I. REYES,wc2026-MEX-15,Cambio de nombre,
MEX,Mexico,16,FW,QUINONES Julian,J. Quiñones,Quinones Julian,SI,Julián Andrés,QUIÑONES QUIÑONES,J. QUIÑONES,wc2026-MEX-16,Cambio de nombre,
MEX,Mexico,17,MF,PINEDA Orbelin,Orbelín Alvarado,Pineda Orbelin,SI,Orbelín,PINEDA ALVARADO,ORBELÍN,wc2026-MEX-17,Cambio de nombre,
MEX,Mexico,18,MF,VARGAS Obed,O. Vargas,Vargas Obed,SI,Obed Goméz,VARGAS,O. VARGAS,wc2026-MEX-18,Cambio de nombre,
MEX,Mexico,19,MF,MORA Gilberto,G. Mora,Mora Gilberto,SI,Gilberto Rafael,MORA ZAMBRANO,G. MORA,wc2026-MEX-19,Cambio de nombre,
MEX,Mexico,20,DF,CHAVEZ Mateo,M. Chávez,Chavez Mateo,SI,Mateo,CHÁVEZ GARCÍA,M. CHÁVEZ,wc2026-MEX-20,Cambio de nombre,
MEX,Mexico,21,FW,HUERTA Cesar,C. Huerta,Huerta Cesar,SI,César Saúl,HUERTA VALERA,C. HUERTA,wc2026-MEX-21,Cambio de nombre,
MEX,Mexico,22,FW,MARTINEZ Guillermo,G. Martínez,Martinez Guillermo,SI,Guillermo,MARTÍNEZ AYALA,G. MARTÍNEZ,wc2026-MEX-22,Cambio de nombre,
MEX,Mexico,23,DF,GALLARDO Jesus,J. Gallardo,Gallardo Jesus,SI,Jesús Daniel,GALLARDO VASCONCELOS,J. GALLARDO,wc2026-MEX-23,Cambio de nombre,
MEX,Mexico,24,MF,CHAVEZ Luis,L. Chávez,Chavez Luis,SI,Luis Gerardo,CHÁVEZ MAGALLÓN,L. CHÁVEZ,wc2026-MEX-24,Cambio de nombre,
MEX,Mexico,25,FW,ALVARADO Roberto,R. Alvarado,Alvarado Roberto,SI,Roberto Carlos,ALVARADO HERNÁNDEZ,R. ALVARADO,wc2026-MEX-25,Cambio de nombre,
MEX,Mexico,26,MF,GUTIERREZ Brian,B. Gutiérrez,Gutierrez Brian,SI,Brian,GUTIÉRREZ,B. GUTIÉRREZ,wc2026-MEX-26,Cambio de nombre,
MAR,Morocco,1,GK,BOUNOU Yassine,Yassine Bono,Bounou Yassine,SI,Yassine,BOUNOU,BONO,wc2026-MAR-1,Cambio de nombre,
MAR,Morocco,2,DF,HAKIMI Achraf,Achraf Hakimi,Hakimi Achraf,SI,Achraf,HAKIMI MOUH,HAKIMI,wc2026-MAR-2,Cambio de nombre,
MAR,Morocco,3,DF,MAZRAOUI Noussair,Noussair Mazraoui,Mazraoui Noussair,SI,Noussair,MAZRAOUI,MAZRAOUI,wc2026-MAR-3,Cambio de nombre,
MAR,Morocco,4,MF,AMRABAT Sofyan,Sofyan Amrabat,Amrabat Sofyan,SI,Sofyan,AMRABAT,AMRABAT,wc2026-MAR-4,Cambio de nombre,
MAR,Morocco,5,DF,AGUERD Nayef,Nayef Aguerd,Aguerd Nayef,SI,Nayef,AGUERD,AGUERD,wc2026-MAR-5,Cambio de nombre,
MAR,Morocco,6,MF,BOUADDI Ayyoub,Ayyoub Bouaddi,Bouaddi Ayyoub,SI,Ayyoub,BOUADDI,BOUADDI,wc2026-MAR-6,Cambio de nombre,
MAR,Morocco,7,MF,TALBI Chemsdine,Chemsdine Talbi,Talbi Chemsdine,SI,Chemsdine,TALBI,TALBI,wc2026-MAR-7,Cambio de nombre,
MAR,Morocco,8,MF,OUNAHI Azzedine,Azz-eddine Ounahi,Ounahi Azzedine,SI,Azz-Eddine,OUNAHI,OUNAHI,wc2026-MAR-8,Cambio de nombre,
MAR,Morocco,9,FW,RAHIMI Soufiane,Soufiane Rahimi,Rahimi Soufiane,SI,Soufiane,RAHIMI,RAHIMI,wc2026-MAR-9,Cambio de nombre,
MAR,Morocco,10,FW,DIAZ Brahim,Brahim Díaz,Diaz Brahim,SI,Brahim,ABDELKADER DÍAZ,BRAHIM,wc2026-MAR-10,Cambio de nombre,
MAR,Morocco,11,MF,SAIBARI Ismael,Ismael Saibari,Saibari Ismael,SI,Ismael,SAIBARI,SAIBARI,wc2026-MAR-11,Cambio de nombre,
MAR,Morocco,12,GK,EL KAJOUI Munir,El Kajoui,El Kajoui Munir,SI,Monir,EL KAJOUI,EL KAJOUI,wc2026-MAR-12,Cambio de nombre,
MAR,Morocco,13,DF,EL OUAHDI Zakaria,El Ouahdi,El Ouahdi Zakaria,SI,Zakaria,EL OUAHDI,EL OUAHDI,wc2026-MAR-13,Cambio de nombre,
MAR,Morocco,14,DF,DIOP Issa,Issa Diop,Diop Issa,SI,Issa Laye Lucas Jean,DIOP,ISSA,wc2026-MAR-14,Cambio de nombre,
MAR,Morocco,15,MF,EL MOURABET Samir,El Mourabet,El Mourabet Samir,SI,Samir,EL MOURABET,EL MOURABET,wc2026-MAR-15,Cambio de nombre,
MAR,Morocco,16,MF,YASSINE Gessime,Gessime Yassine,Yassine Gessime,SI,Gessime Ben Youssef Mustapha,YASSINE,YASSINE,wc2026-MAR-16,Cambio de nombre,
MAR,Morocco,17,FW,EZZALZOULI Abde,Abdessamad Ezzalzouli,Ezzalzouli Abde,SI,Abdessamad,EZZALZOULI,EZZALZOULI,wc2026-MAR-17,Cambio de nombre,
MAR,Morocco,18,DF,RIAD Chadi,Chadi Riad,Riad Chadi,SI,Chadi,RIAD,RIAD,wc2026-MAR-18,Cambio de nombre,
MAR,Morocco,19,DF,BELAMMARI Youssef,Youssef Belammari,Belammari Youssef,SI,Youssef,BELAMMARI,BELAMMARI,wc2026-MAR-19,Cambio de nombre,
MAR,Morocco,20,FW,EL KAABI Ayoub,El Kaabi,El Kaabi Ayoub,SI,Ayoub,EL KAABI,EL KAABI,wc2026-MAR-20,Cambio de nombre,
MAR,Morocco,21,FW,AMAIMOUNI Ayoub,Ayoub Amaimouni,Amaimouni Ayoub,SI,Ayoub,AMAIMOUNI,AMAIMOUNI,wc2026-MAR-21,Cambio de nombre,
MAR,Morocco,22,GK,TAGNAOUTI Ahmed Reda,Ahmed Tagnaouti,Tagnaouti Ahmed Reda,SI,Ahmed Reda,TAGNAOUTI,TAGNAOUTI,wc2026-MAR-22,Cambio de nombre,
MAR,Morocco,23,MF,EL KHANNOUSS Bilal,El Khannouss,El Khannouss Bilal,SI,Bilal,EL KHANNOUSS,EL KHANNOUSS,wc2026-MAR-23,Cambio de nombre,
MAR,Morocco,24,MF,EL AYNAOUI Neil,El Aynaoui,El Aynaoui Neil,SI,Neil Yoni,EL AYNAOUI,EL AYNAOUI,wc2026-MAR-24,Cambio de nombre,
MAR,Morocco,25,DF,HALHAL Redouane,Redouane Halhal,Halhal Redouane,SI,Redouane,HALHAL,HALHAL,wc2026-MAR-25,Cambio de nombre,
MAR,Morocco,26,DF,SALAH EDDINE Anass,Anass Salah-eddine,Salah Eddine Anass,SI,Anass,SALAH EDDINE,SALAH-EDDINE,wc2026-MAR-26,Cambio de nombre,
NED,Netherlands,1,GK,VERBRUGGEN Bart,Bart Verbruggen,Verbruggen Bart,SI,Bart,VERBRUGGEN,VERBRUGGEN,wc2026-NED-1,Cambio de nombre,
NED,Netherlands,2,DF,TIMBER Jurrien,J. Timber,Timber Jurrien,SI,Jurriën David Norman,TIMBER,J. TIMBER,wc2026-NED-2,Cambio de nombre,
NED,Netherlands,3,MF,DE ROON Marten,De Roon,De Roon Marten,SI,Marten Elco,DE ROON,DE ROON,wc2026-NED-3,Cambio de nombre,
NED,Netherlands,4,DF,VAN DIJK Virgil,Virgil Dijk,Van Dijk Virgil,SI,Virgil,VAN DIJK,VIRGIL,wc2026-NED-4,Cambio de nombre,
NED,Netherlands,5,DF,AKE Nathan,Nathan Aké,Ake Nathan,SI,Nathan Benjamin,AKÉ,AKÉ,wc2026-NED-5,Cambio de nombre,
NED,Netherlands,6,DF,VAN HECKE Jan Paul,Van Hecke,Van Hecke Jan Paul,SI,Jan-Paul,VAN HECKE,VAN HECKE,wc2026-NED-6,Cambio de nombre,
NED,Netherlands,7,MF,KLUIVERT Justin,Justin Kluivert,Kluivert Justin,SI,Justin Dean,KLUIVERT,KLUIVERT,wc2026-NED-7,Cambio de nombre,
NED,Netherlands,8,MF,GRAVENBERCH Ryan,Ryan Gravenberch,Gravenberch Ryan,SI,Ryan Jiro,GRAVENBERCH,GRAVENBERCH,wc2026-NED-8,Cambio de nombre,
NED,Netherlands,9,FW,WEGHORST Wout,Wout Weghorst,Weghorst Wout,SI,Wout François Maria,WEGHORST,WEGHORST,wc2026-NED-9,Cambio de nombre,
NED,Netherlands,10,FW,DEPAY Memphis,Memphis Depay,Depay Memphis,SI,Memphis,DEPAY,MEMPHIS,wc2026-NED-10,Cambio de nombre,
NED,Netherlands,11,FW,GAKPO Cody,Cody Gakpo,Gakpo Cody,SI,Cody Mathès,GAKPO,GAKPO,wc2026-NED-11,Cambio de nombre,
NED,Netherlands,12,DF,WIEFFER Mats,Mats Wieffer,Wieffer Mats,SI,Mats Henrik Berne,WIEFFER,WIEFFER,wc2026-NED-12,Cambio de nombre,
NED,Netherlands,13,GK,ROEFS Robin,Robin Roefs,Roefs Robin,SI,Robin Gerardus Petrus,ROEFS,ROEFS,wc2026-NED-13,Cambio de nombre,
NED,Netherlands,14,MF,REIJNDERS Tijjani,Tijjani Reijnders,Reijnders Tijjani,SI,Tijjani Martinus Jan,REIJNDERS,REIJNDERS,wc2026-NED-14,Cambio de nombre,
NED,Netherlands,15,DF,VAN DE VEN Micky,Van De Ven,Van De Ven Micky,SI,Micky,VAN DE VEN,VAN DE VEN,wc2026-NED-15,Cambio de nombre,
NED,Netherlands,16,MF,TIL Guus,Guus Til,Til Guus,SI,Guus Berend,TIL,TIL,wc2026-NED-16,Cambio de nombre,
NED,Netherlands,17,FW,LANG Noa,Noa Lang,Lang Noa,SI,Noa Noëll,LANG,LANG,wc2026-NED-17,Cambio de nombre,
NED,Netherlands,18,FW,MALEN Donyell,Donyell Malen,Malen Donyell,SI,Donyell,MALEN,MALEN,wc2026-NED-18,Cambio de nombre,
NED,Netherlands,19,FW,BROBBEY Brian,Brian Brobbey,Brobbey Brian,SI,Brian Ebenezer Adjei,BROBBEY,BROBBEY,wc2026-NED-19,Cambio de nombre,
NED,Netherlands,20,MF,KOOPMEINERS Teun,Teun Koopmeiners,Koopmeiners Teun,SI,Teun,KOOPMEINERS,KOOPMEINERS,wc2026-NED-20,Cambio de nombre,
NED,Netherlands,21,MF,DE JONG Frenkie,F. De Jong,De Jong Frenkie,SI,Frenkie,DE JONG,F. DE JONG,wc2026-NED-21,Cambio de nombre,
NED,Netherlands,22,DF,DUMFRIES Denzel,Denzel Dumfries,Dumfries Denzel,SI,Denzel Justus Morris,DUMFRIES,DUMFRIES,wc2026-NED-22,Cambio de nombre,
NED,Netherlands,23,GK,FLEKKEN Mark,Mark Flekken,Flekken Mark,SI,Mark Maria Hubertus,FLEKKEN,FLEKKEN,wc2026-NED-23,Cambio de nombre,
NED,Netherlands,24,FW,SUMMERVILLE Crysencio,Crysencio Summerville,Summerville Crysencio,SI,Crysencio Jilbert Sylverio Cir,SUMMERVILLE,SUMMERVILLE,wc2026-NED-24,Cambio de nombre,
NED,Netherlands,25,DF,HATO Jorrel,Jorrel Hato,Hato Jorrel,SI,Jorrel Evan,HATO,HATO,wc2026-NED-25,Cambio de nombre,
NED,Netherlands,26,MF,TIMBER Quinten,Q. Timber,Timber Quinten,SI,Quinten Ryan Crispito,TIMBER,Q. TIMBER,wc2026-NED-26,Cambio de nombre,
NZL,New Zealand,1,GK,CROCOMBE Max,Maxime Crocombe,Crocombe Max,SI,Maxime Teremoana,CROCOMBE,CROCOMBE,wc2026-NZL-1,Cambio de nombre,
NZL,New Zealand,2,DF,PAYNE Tim,Timothy Payne,Payne Tim,SI,Timothy John,PAYNE,PAYNE,wc2026-NZL-2,Cambio de nombre,
NZL,New Zealand,3,DF,DE VRIES Francis,De Vries,De Vries Francis,SI,Francis,DE VRIES,DE VRIES,wc2026-NZL-3,Cambio de nombre,
NZL,New Zealand,4,DF,BINDON Tyler,Tyler Bindon,Bindon Tyler,SI,Tyler Grant,BINDON,BINDON,wc2026-NZL-4,Cambio de nombre,
NZL,New Zealand,5,DF,BOXALL Michael,Michael Boxall,Boxall Michael,SI,Michael Joseph,BOXALL,BOXALL,wc2026-NZL-5,Cambio de nombre,
NZL,New Zealand,6,MF,BELL Joe,Joe Bell,Bell Joe,SI,Joe Zen Robert,BELL,BELL,wc2026-NZL-6,Cambio de nombre,
NZL,New Zealand,7,MF,GARBETT Matthew,Matthew Garbett,Garbett Matthew,SI,Matthew Jimmy David,GARBETT,GARBETT,wc2026-NZL-7,Cambio de nombre,
NZL,New Zealand,8,MF,STAMENIC Marko,Marko Stamenic,Stamenic Marko,SI,Marko Seufatu Nikola,STAMENIC,STAMENIC,wc2026-NZL-8,Cambio de nombre,
NZL,New Zealand,9,FW,WOOD Chris,Christopher Wood,Wood Chris,SI,Christopher Grant,WOOD,WOOD,wc2026-NZL-9,Cambio de nombre,
NZL,New Zealand,10,MF,SINGH Sarpreet,Sarpreet Singh,Singh Sarpreet,SI,Sarpreet,SINGH,SINGH,wc2026-NZL-10,Cambio de nombre,
NZL,New Zealand,11,MF,JUST Elijah,Elijah Just,Just Elijah,SI,Elijah Henry,JUST,JUST,wc2026-NZL-11,Cambio de nombre,
NZL,New Zealand,12,GK,PAULSEN Alex,Alexander Paulsen,Paulsen Alex,SI,Alexander Noah,PAULSEN,PAULSEN,wc2026-NZL-12,Cambio de nombre,
NZL,New Zealand,13,DF,CACACE Liberato,Liberato Cacace,Cacace Liberato,SI,Liberato Gianpaolo,CACACE,CACACE,wc2026-NZL-13,Cambio de nombre,
NZL,New Zealand,14,MF,RUFER Alex,Alex Rufer,Rufer Alex,SI,Alex Arthur,RUFER,RUFER,wc2026-NZL-14,Cambio de nombre,
NZL,New Zealand,15,DF,PIJNAKER Nando,Nando Pijnaker,Pijnaker Nando,SI,Nando Zen,PIJNAKER,PIJNAKER,wc2026-NZL-15,Cambio de nombre,
NZL,New Zealand,16,DF,SURMAN Finn,Finn Surman,Surman Finn,SI,Finn,SURMAN,SURMAN,wc2026-NZL-16,Cambio de nombre,
NZL,New Zealand,17,FW,BARBAROUSES Kosta,Kosta Barbarouses,Barbarouses Kosta,SI,Kosta,BARBAROUSES,BARBAROUSES,wc2026-NZL-17,Cambio de nombre,
NZL,New Zealand,18,FW,WAINE Ben,Benjamin Waine,Waine Ben,SI,Benjamin Peter,WAINE,WAINE,wc2026-NZL-18,Cambio de nombre,
NZL,New Zealand,19,MF,OLD Ben,Benjamin Old,Old Ben,SI,Benjamin Craig,OLD,OLD,wc2026-NZL-19,Cambio de nombre,
NZL,New Zealand,20,MF,McCOWATT Callum,Callum Mccowatt,Mccowatt Callum,SI,Callum William,MCCOWATT,MCCOWATT,wc2026-NZL-20,Cambio de nombre,
NZL,New Zealand,21,FW,RANDALL Jesse,Jesse Randall,Randall Jesse,SI,Jesse Carmichael,RANDALL,RANDALL,wc2026-NZL-21,Cambio de nombre,
NZL,New Zealand,22,GK,WOUD Michael,Michael Woud,Woud Michael,SI,Michael Cornelis,WOUD,WOUD,wc2026-NZL-22,Cambio de nombre,
NZL,New Zealand,23,MF,THOMAS Ryan,Ryan Thomas,Thomas Ryan,SI,Ryan Jared,THOMAS,THOMAS,wc2026-NZL-23,Cambio de nombre,
NZL,New Zealand,24,DF,ELLIOT Callan,Callan Elliot,Elliot Callan,SI,Callan Rennie,ELLIOT,ELLIOT,wc2026-NZL-24,Cambio de nombre,
NZL,New Zealand,25,MF,BAYLISS Lachlan,Lachlan Bayliss,Bayliss Lachlan,SI,Lachlan Ryan,BAYLISS,BAYLISS,wc2026-NZL-25,Cambio de nombre,
NZL,New Zealand,26,DF,SMITH Tommy,Thomas Smith,Smith Tommy,SI,Thomas Jefferson,SMITH,SMITH,wc2026-NZL-26,Cambio de nombre,
NOR,Norway,1,GK,NYLAND Orjan,Ørjan Nyland,Nyland Orjan,SI,Ørjan Haskjold,NYLAND,NYLAND,wc2026-NOR-1,Cambio de nombre,
NOR,Norway,2,MF,THORSBY Morten,Morten Thorsby,Thorsby Morten,SI,Morten,THORSBY,THORSBY,wc2026-NOR-2,Cambio de nombre,
NOR,Norway,3,DF,AJER Kristoffer,Vassbakk Ajer,Ajer Kristoffer,SI,Kristoffer Vassbakk Köpp,AJER,VASSBAKK AJER,wc2026-NOR-3,Cambio de nombre,
NOR,Norway,4,DF,OSTIGARD Leo,Leo Østigård,Ostigard Leo,SI,Leo Skiri,ØSTIGÅRD,ØSTIGÅRD,wc2026-NOR-4,Cambio de nombre,
NOR,Norway,5,DF,MOLLER WOLFE David,Møller Wolfe,Moller Wolfe David,SI,David Møller,WOLFE,MØLLER WOLFE,wc2026-NOR-5,Cambio de nombre,
NOR,Norway,6,MF,BERG Patrick,Patrick Berg,Berg Patrick,SI,Patrick,BERG,BERG,wc2026-NOR-6,Cambio de nombre,
NOR,Norway,7,FW,SORLOTH Alexander,Alexander Sørloth,Sorloth Alexander,SI,Alexander,SØRLOTH,SØRLOTH,wc2026-NOR-7,Cambio de nombre,
NOR,Norway,8,MF,BERGE Sander,Sander Berge,Berge Sander,SI,Sander Gard Bolin,BERGE,BERGE,wc2026-NOR-8,Cambio de nombre,
NOR,Norway,9,FW,HAALAND Erling,Braut Haaland,Haaland Erling,SI,Erling Braut,HAALAND,BRAUT HAALAND,wc2026-NOR-9,Cambio de nombre,
NOR,Norway,10,MF,ODEGAARD Martin,Martín Ødegaard,Odegaard Martin,SI,Martín,ØDEGAARD,ØDEGAARD,wc2026-NOR-10,Cambio de nombre,
NOR,Norway,11,FW,STRAND LARSEN Jorgen,Strand Larsen,Strand Larsen Jorgen,SI,Jørgen Strand,LARSEN,STRAND LARSEN,wc2026-NOR-11,Cambio de nombre,
NOR,Norway,12,GK,TANGVIK Sander,Sander Tangvik,Tangvik Sander,SI,Sander,TANGVIK,TANGVIK,wc2026-NOR-12,Cambio de nombre,
NOR,Norway,13,GK,SELVIK Egil,Egil Selvik,Selvik Egil,SI,Egil,SELVIK,SELVIK,wc2026-NOR-13,Cambio de nombre,
NOR,Norway,14,MF,AURSNES Fredrik,Fredrik Aursnes,Aursnes Fredrik,SI,Fredrik,AURSNES,AURSNES,wc2026-NOR-14,Cambio de nombre,
NOR,Norway,15,DF,BJORKAN Fredrik Andre,Fredrik Bjørkan,Bjorkan Fredrik Andre,SI,Fredrik André,BJØRKAN,BJØRKAN,wc2026-NOR-15,Cambio de nombre,
NOR,Norway,16,DF,HOLMGREN PEDERSEN Marcus,Marcus Pedersen,Holmgren Pedersen Marcus,SI,Marcus Holmgren,PEDERSEN,HOLMGREN,wc2026-NOR-16,Cambio de nombre,
NOR,Norway,17,DF,HEGGEM Torbjorn,Torbjørn Heggem,Heggem Torbjorn,SI,Torbjørn Lysaker,HEGGEM,HEGGEM,wc2026-NOR-17,Cambio de nombre,
NOR,Norway,18,MF,THORSTVEDT Kristian,Kristian Thorstvedt,Thorstvedt Kristian,SI,Kristian,THORSTVEDT,THORSTVEDT,wc2026-NOR-18,Cambio de nombre,
NOR,Norway,19,MF,AASGAARD Thelo,Thelonious Aasgaard,Aasgaard Thelo,SI,Thelonious Gerard,AASGAARD,AASGAARD,wc2026-NOR-19,Cambio de nombre,
NOR,Norway,20,FW,NUSA Antonio,Antonio Nusa,Nusa Antonio,SI,Antonio Eromonsele Nordby,NUSA,NUSA,wc2026-NOR-20,Cambio de nombre,
NOR,Norway,21,MF,SCHJELDERUP Andreas,Andreas Schjelderup,Schjelderup Andreas,SI,Andreas Rædergård,SCHJELDERUP,SCHJELDERUP,wc2026-NOR-21,Cambio de nombre,
NOR,Norway,22,MF,BOBB Oscar,Oscar Bobb,Bobb Oscar,SI,Oscar,BOBB,BOBB,wc2026-NOR-22,Cambio de nombre,
NOR,Norway,23,MF,HAUGE Jens Petter,Jens Hauge,Hauge Jens Petter,SI,Jens Petter,HAUGE,HAUGE,wc2026-NOR-23,Cambio de nombre,
NOR,Norway,24,DF,LANGAS Sondre,Sondre Langås,Langas Sondre,SI,Sondre Klingen,LANGÅS,LANGÅS,wc2026-NOR-24,Cambio de nombre,
NOR,Norway,25,DF,FALCHENER Henrik,Henrik Falchener,Falchener Henrik,SI,Henrik Sælebakke,FALCHENER,FALCHENER,wc2026-NOR-25,Cambio de nombre,
NOR,Norway,26,FW,RYERSON Julian,Julian Ryerson,Ryerson Julian,SI,Julian,RYERSON,RYERSON,wc2026-NOR-26,Cambio de nombre,
PAN,Panama,1,GK,MEJIA Luis,Luis Mejía,Mejia Luis,SI,Luis Ricardo,MEJÍA CAJAR,MEJÍA,wc2026-PAN-1,Cambio de nombre,
PAN,Panama,2,DF,BLACKMAN Cesar,César Blackman,Blackman Cesar,SI,César Rodolfo,BLACKMAN CAMARENA,BLACKMAN,wc2026-PAN-2,Cambio de nombre,
PAN,Panama,3,DF,CORDOBA Jose,Jose Cordoba,Cordoba Jose,SI,Jose Angel,CÓRDOBA CHAMBERS,CORDOBA,wc2026-PAN-3,Cambio de nombre,
PAN,Panama,4,DF,ESCOBAR Fidel,F. Escobar,Escobar Fidel,SI,Fidel,ESCOBAR MENDIETA,F. ESCOBAR,wc2026-PAN-4,Cambio de nombre,
PAN,Panama,5,DF,FARINA Edgardo,Edgardo Fariña,Farina Edgardo,SI,Edgardo Issac,FARIÑA WYNTER,FARIÑA,wc2026-PAN-5,Cambio de nombre,
PAN,Panama,6,MF,MARTINEZ Cristian,Cristian Martínez,Martinez Cristian,SI,Cristian Jesus,MARTÍNEZ,MARTÍNEZ,wc2026-PAN-6,Cambio de nombre,
PAN,Panama,7,MF,RODRIGUEZ Jose Luis,J.l. Rodríguez,Rodriguez Jose Luis,SI,José Luis,RODRÍGUEZ FRANCIS,J.L. RODRÍGUEZ,wc2026-PAN-7,Cambio de nombre,
PAN,Panama,8,MF,CARRASQUILLA Adalberto,Adalberto Carrasquilla,Carrasquilla Adalberto,SI,Adalberto Eliecer,CARRASQUILLA ALCAZAR,CARRASQUILLA,wc2026-PAN-8,Cambio de nombre,
PAN,Panama,9,FW,RODRIGUEZ Tomas,T. Rodríguez,Rodriguez Tomas,SI,Tomas Abdiel,RODRIGUEZ MENA,T. RODRÍGUEZ,wc2026-PAN-9,Cambio de nombre,
PAN,Panama,10,MF,DIAZ Ismael,Ismael Leon,Diaz Ismael,SI,Ismael,DÍAZ DE LEON,ISMAEL,wc2026-PAN-10,Cambio de nombre,
PAN,Panama,11,MF,BARCENAS Edgar Yoel,Édgar Bárcenas,Barcenas Edgar Yoel,SI,Édgar Yoel,BÁRCENAS HERRERA,BÁRCENAS,wc2026-PAN-11,Cambio de nombre,
PAN,Panama,12,GK,SAMUDIO Cesar,César Samudio,Samudio Cesar,SI,César Jair,SAMUDIO MURILLO,SAMUDIO,wc2026-PAN-12,Cambio de nombre,
PAN,Panama,13,DF,RAMOS Jiovany,Jiovany Ramos,Ramos Jiovany,SI,Jiovany Javier,RAMOS DIAZ,RAMOS,wc2026-PAN-13,Cambio de nombre,
PAN,Panama,14,DF,HARVEY Carlos,Carlos Harvey,Harvey Carlos,SI,Carlos Miguel,HARVEY CESNEROS,HARVEY,wc2026-PAN-14,Cambio de nombre,
PAN,Panama,15,DF,DAVIS Eric,Eric Davis,Davis Eric,SI,Eric Javier,DAVIS GRAJALES,DAVIS,wc2026-PAN-15,Cambio de nombre,
PAN,Panama,16,DF,ANDRADE Andres,Andres Andrade,Andrade Andres,SI,Andres Alberto,ANDRADE CEDENO,ANDRADE,wc2026-PAN-16,Cambio de nombre,
PAN,Panama,17,FW,FAJARDO Jose,José Fajardo,Fajardo Jose,SI,José,FAJARDO NELSON,FAJARDO,wc2026-PAN-17,Cambio de nombre,
PAN,Panama,18,FW,WATERMAN Cecilio,Cecilio Waterman,Waterman Cecilio,SI,Cecilio Alfonso,WATERMAN RUIZ,WATERMAN,wc2026-PAN-18,Cambio de nombre,
PAN,Panama,19,MF,QUINTERO Alberto,Alberto Quintero,Quintero Alberto,SI,Alberto Abdiel,QUINTERO MEDINA,QUINTERO,wc2026-PAN-19,Cambio de nombre,
PAN,Panama,20,MF,GODOY Anibal,Aníbal Godoy,Godoy Anibal,SI,Aníbal Casis,GODOY LEMUS,GODOY,wc2026-PAN-20,Cambio de nombre,
PAN,Panama,21,MF,YANIS Cesar,César Yanis,Yanis Cesar,SI,César Augusto,YANIS VELASCO,YANIS,wc2026-PAN-21,Cambio de nombre,
PAN,Panama,22,GK,MOSQUERA Orlando,Orlando Mosquera,Mosquera Orlando,SI,Orlando,MOSQUERA,MOSQUERA,wc2026-PAN-22,Cambio de nombre,
PAN,Panama,23,DF,MURILLO Amir,A. Murillo,Murillo Amir,SI,Michael Amir,MURILLO BERMUDEZ,A. MURILLO,wc2026-PAN-23,Cambio de nombre,
PAN,Panama,24,FW,LONDONO Azarias,Azarias Londoño,Londono Azarias,SI,Azarias Emmanuel,LONDOÑO GONZALEZ,LONDOÑO,wc2026-PAN-24,Cambio de nombre,
PAN,Panama,25,DF,MILLER Roderick,Roderick Miller,Miller Roderick,SI,Roderick Alonso,MILLER MOLINA,MILLER,wc2026-PAN-25,Cambio de nombre,
PAN,Panama,26,DF,GUTIERREZ Jorge,Jorge Gutiérrez,Gutierrez Jorge,SI,Jorge Abdiel,GUTIERREZ CORNEJO,GUTIÉRREZ,wc2026-PAN-26,Cambio de nombre,
PAR,Paraguay,1,GK,FERNANDEZ Gatito,Roberto Fernandez,Fernandez Gatito,SI,Roberto Junior,FERNANDEZ TORRES,FERNANDEZ,wc2026-PAR-1,Cambio de nombre,
PAR,Paraguay,2,DF,VELAZQUEZ Gustavo,Víctor Velazquez,Velazquez Gustavo,SI,Víctor Gustavo,VELÁZQUEZ RAMOS,VELAZQUEZ,wc2026-PAR-2,Cambio de nombre,
PAR,Paraguay,3,DF,ALDERETE Omar,Omar Alderete,Alderete Omar,SI,Omar Federico,ALDERETE FERNÁNDEZ,ALDERETE,wc2026-PAR-3,Cambio de nombre,
PAR,Paraguay,4,DF,CACERES Juan Jose,Juan Caceres,Caceres Juan Jose,SI,Juan Jose,CACERES,CACERES,wc2026-PAR-4,Cambio de nombre,
PAR,Paraguay,5,DF,BALBUENA Fabian,Fabián Balbuena,Balbuena Fabian,SI,Fabián Cornelio,BALBUENA GONZÁLEZ,BALBUENA,wc2026-PAR-5,Cambio de nombre,
PAR,Paraguay,6,DF,ALONSO Junior,Júnior Alonso,Alonso Junior,SI,Júnior Osmar Ignacio,ALONSO MUJICA,ALONSO,wc2026-PAR-6,Cambio de nombre,
PAR,Paraguay,7,MF,SOSA Ramon,Ramón Sosa,Sosa Ramon,SI,Ramón,SOSA ACOSTA,SOSA,wc2026-PAR-7,Cambio de nombre,
PAR,Paraguay,8,MF,GOMEZ Diego,D. Gomez,Gomez Diego,SI,Diego Alexander,GOMEZ AMARILLA,D. GOMEZ,wc2026-PAR-8,Cambio de nombre,
PAR,Paraguay,9,FW,SANABRIA Antonio,Arnaldo Sanabria,Sanabria Antonio,SI,Arnaldo Antonio,SANABRIA AYALA,SANABRIA,wc2026-PAR-9,Cambio de nombre,
PAR,Paraguay,10,MF,ALMIRON Miguel,M. Almiron,Almiron Miguel,SI,Miguel Angel,ALMIRÓN REJALA,M. ALMIRON,wc2026-PAR-10,Cambio de nombre,
PAR,Paraguay,11,MF,MAURICIO,Mauricio Prado,Mauricio,SI,Mauricio,MAGALHÃES PRADO,MAURICIO,wc2026-PAR-11,Cambio de nombre,
PAR,Paraguay,12,GK,GILL Orlando,O. Gill,Gill Orlando,SI,Orlando Daniel,GILL NOLDIN,O. GILL,wc2026-PAR-12,Cambio de nombre,
PAR,Paraguay,13,DF,CANALE Jose,Jose Canale,Canale Jose,SI,Jose Maria,CANALE DOMINGUEZ,CANALE,wc2026-PAR-13,Cambio de nombre,
PAR,Paraguay,14,MF,CUBAS Andres,Adrián Cubas,Cubas Andres,SI,Adrián Andrés,CUBAS,CUBAS,wc2026-PAR-14,Cambio de nombre,
PAR,Paraguay,15,DF,GOMEZ Gustavo,G. Gomez,Gomez Gustavo,SI,Gustavo Raul,GÓMEZ PORTILLO,G. GOMEZ,wc2026-PAR-15,Cambio de nombre,
PAR,Paraguay,16,MF,BOBADILLA Damian,Damián Bobadilla,Bobadilla Damian,SI,Damián Josue,BOBADILLA BENITEZ,BOBADILLA,wc2026-PAR-16,Cambio de nombre,
PAR,Paraguay,17,FW,ROMERO GAMARRA Alejandro,R. Gamarra,Romero Gamarra Alejandro,SI,Alejandro Sebastian,ROMERO GAMARRA,R. GAMARRA,wc2026-PAR-17,Cambio de nombre,
PAR,Paraguay,18,FW,ARCE Alex,Alex Arce,Arce Alex,SI,Alex Adrian,ARCE BARRIOS,ARCE,wc2026-PAR-18,Cambio de nombre,
PAR,Paraguay,19,FW,ENCISO Julio,Julio Enciso,Enciso Julio,SI,Julio Cesar,ENCISO ESPINOLA,ENCISO,wc2026-PAR-19,Cambio de nombre,
PAR,Paraguay,20,MF,OJEDA Braian,Braian Ojeda,Ojeda Braian,SI,Braian Oscar,OJEDA RODRIGUEZ,OJEDA,wc2026-PAR-20,Cambio de nombre,
PAR,Paraguay,21,FW,AVALOS Gabriel,Gabriel Avalos,Avalos Gabriel,SI,Gabriel,AVALOS STUMPFS,AVALOS,wc2026-PAR-21,Cambio de nombre,
PAR,Paraguay,22,GK,OLVEIRA Gaston,Gastón Olveira,Olveira Gaston,SI,Gastón Hernán,OLVEIRA ECHEVERRIA,OLVEIRA,wc2026-PAR-22,Cambio de nombre,
PAR,Paraguay,23,MF,GALARZA Matias,Matias Galarza,Galarza Matias,SI,Matias,GALARZA FONDA,GALARZA,wc2026-PAR-23,Cambio de nombre,
PAR,Paraguay,24,MF,CABALLERO Gustavo,Gustavo Caballero,Caballero Gustavo,SI,Gustavo Ruben,CABALLERO GONZALEZ,CABALLERO,wc2026-PAR-24,Cambio de nombre,
PAR,Paraguay,25,FW,PITTA Isidro,Isidro Pitta,Pitta Isidro,SI,Isidro Miguel,PITTA SALDIVAR,PITTA,wc2026-PAR-25,Cambio de nombre,
PAR,Paraguay,26,DF,MAIDANA Alexandro,Alexandro Maidana,Maidana Alexandro,SI,Alexandro,MAIDANA MENDIETA,MAIDANA,wc2026-PAR-26,Cambio de nombre,
POR,Portugal,1,GK,DIOGO COSTA,Diogo Costa,Diogo Costa,,Diogo,MEIRELES DA COSTA,DIOGO COSTA,wc2026-POR-1,,
POR,Portugal,2,DF,NELSON SEMEDO,N. Semedo,Nelson Semedo,SI,Nélson,CABRAL SEMEDO,N. SEMEDO,wc2026-POR-2,Cambio de nombre,
POR,Portugal,3,DF,RUBEN DIAS,Rúben Dias,Ruben Dias,SI,Rúben,DOS SANTOS GATO ALVES DIAS,RÚBEN DIAS,wc2026-POR-3,Cambio de nombre,
POR,Portugal,4,DF,TOMAS ARAUJO,Tomás A.,Tomas Araujo,SI,Tomás,LEMOS ARAÚJO,TOMÁS A.,wc2026-POR-4,Cambio de nombre,
POR,Portugal,5,DF,DIOGO DALOT,José Dalot,Diogo Dalot,SI,José Diogo,DALOT TEIXEIRA,DALOT,wc2026-POR-5,Cambio de nombre,
POR,Portugal,6,MF,MATHEUS NUNES,Matheus N.,Matheus Nunes,SI,Matheus Luiz,NUNES,MATHEUS N.,wc2026-POR-6,Cambio de nombre,
POR,Portugal,7,FW,CRISTIANO RONALDO,Cristiano Aveiro,Cristiano Ronaldo,SI,Cristiano Ronaldo,DOS SANTOS AVEIRO,RONALDO,wc2026-POR-7,Cambio de nombre,
POR,Portugal,8,MF,BRUNO FERNANDES,B. Fernandes,Bruno Fernandes,SI,Bruno Miguel,BORGES FERNANDES,B. FERNANDES,wc2026-POR-8,Cambio de nombre,
POR,Portugal,9,FW,GONCALO RAMOS,G. Ramos,Goncalo Ramos,SI,Gonçalo,MATIAS RAMOS,G. RAMOS,wc2026-POR-9,Cambio de nombre,
POR,Portugal,10,MF,BERNARDO SILVA,Bernardo Silva,Bernardo Silva,,Bernardo,MOTA VEIGA DE CARVALHO E SILVA,BERNARDO,wc2026-POR-10,,
POR,Portugal,11,FW,JOAO FELIX,João Félix,Joao Felix,SI,João,FÉLIX SEQUEIRA,JOÃO FÉLIX,wc2026-POR-11,Cambio de nombre,
POR,Portugal,12,GK,JOSE SA,José Sá,Jose Sa,SI,José Pedro,MALHEIRO DE SÁ,JOSÉ SÁ,wc2026-POR-12,Cambio de nombre,
POR,Portugal,13,DF,RENATO VEIGA,Renato Veiga,Renato Veiga,,Renato,DA PALMA VEIGA,RENATO VEIGA,wc2026-POR-13,,
POR,Portugal,14,DF,GONCALO INACIO,G. Inácio,Goncalo Inacio,SI,Gonçalo,BERNARDO INÁCIO,G. INÁCIO,wc2026-POR-14,Cambio de nombre,
POR,Portugal,15,MF,JOAO NEVES,João Neves,Joao Neves,SI,João Pedro,GONÇALVES NEVES,JOÃO NEVES,wc2026-POR-15,Cambio de nombre,
POR,Portugal,16,FW,FRANCISCO TRINCAO,Francisco Trincão,Francisco Trincao,SI,Francisco António,MACHADO MOTA DE CASTRO TRINCÃO,TRINCÃO,wc2026-POR-16,Cambio de nombre,
POR,Portugal,17,FW,RAFAEL LEAO,Rafa Leão,Rafael Leao,SI,Rafael Alexandre,DA CONCEIÇÃO LEÃO,RAFA LEÃO,wc2026-POR-17,Cambio de nombre,
POR,Portugal,18,FW,PEDRO NETO,Pedro Neto,Pedro Neto,,Pedro,LOMBA NETO,NETO,wc2026-POR-18,,
POR,Portugal,19,FW,GONCALO GUEDES,G. Guedes,Goncalo Guedes,SI,Gonçalo Manuel,GANCHINHO GUEDES,G. GUEDES,wc2026-POR-19,Cambio de nombre,
POR,Portugal,20,DF,JOAO CANCELO,João Cancelo,Joao Cancelo,SI,João Pedro,CAVACO CANCELO,JOÃO CANCELO,wc2026-POR-20,Cambio de nombre,
POR,Portugal,21,MF,RUBEN NEVES,R. Neves,Ruben Neves,SI,Rúben Diogo,DA SILVA NEVES,R. NEVES,wc2026-POR-21,Cambio de nombre,
POR,Portugal,22,GK,RUI SILVA,Rui Silva,Rui Silva,,Rui Tiago,DANTAS DA SILVA,RUI SILVA,wc2026-POR-22,,
POR,Portugal,23,MF,VITINHA,Vitor Vitinha,Vitinha,SI,Vitor,MACHADO FERREIRA,VITINHA,wc2026-POR-23,Cambio de nombre,
POR,Portugal,24,DF,SAMU COSTA,Samuel Samú,Samu Costa,SI,Samuel,DE ALMEIDA COSTA,SAMÚ,wc2026-POR-24,Cambio de nombre,
POR,Portugal,25,DF,NUNO MENDES,N. Mendes,Nuno Mendes,SI,Nuno Alexandre,TAVARES MENDES,N. MENDES,wc2026-POR-25,Cambio de nombre,
POR,Portugal,26,FW,FRANCISCO CONCEICAO,F. Conceição,Francisco Conceicao,SI,Francisco,FERNANDES DA CONCEIÇÃO,F. CONCEIÇÃO,wc2026-POR-26,Cambio de nombre,
QAT,Qatar,1,GK,MAHMOUD ABUNADA,Mahmoud Abunada,Mahmoud Abunada,,Mahmoud Ibrahim M,ABUNADA,ABUNADA,wc2026-QAT-1,,
QAT,Qatar,2,DF,PEDRO MIGUEL,Pedro Correia,Pedro Miguel,SI,Pedro Miguel D D,CORREIA,PEDRO,wc2026-QAT-2,Cambio de nombre,
QAT,Qatar,3,DF,LUCAS MENDES,Lucas L.mendes,Lucas Mendes,SI,Lucas Michel,MENDES,L.MENDES,wc2026-QAT-3,Cambio de nombre,
QAT,Qatar,4,DF,ISSA LAYE,Gueye Seydinaissalaye,Issa Laye,SI,Gueye,SEYDINAISSALAYE,GUEYE,wc2026-QAT-4,Cambio de nombre,
QAT,Qatar,5,DF,JASSEM GABER,Jassem Abdulsallam,Jassem Gaber,SI,Jassem Gaber E,ABDULSALLAM,JASSEM,wc2026-QAT-5,Cambio de nombre,
QAT,Qatar,6,MF,ABDULAZIZ HATEM,A. Aziz,Abdulaziz Hatem,SI,Abdelaziz Hatim A,MOHAMED,A. AZIZ,wc2026-QAT-6,Cambio de nombre,
QAT,Qatar,7,FW,AHMED ALAAELDIN,Ahmed Abdelmotaal,Ahmed Alaaeldin,SI,Ahmed Alaaeldin B M,ABDELMOTAAL,ALAAELDIN,wc2026-QAT-7,Cambio de nombre,
QAT,Qatar,8,FW,EDMILSON JUNIOR,Edmilson Jr.,Edmilson Junior,SI,Edmilson Junior P,DASILVA,EDMILSON JR.,wc2026-QAT-8,Cambio de nombre,
QAT,Qatar,9,FW,MOHAMMED MUNTARI,Mohammed Muntari,Mohammed Muntari,,Mohammed,MUNTARI,MUNTARI,wc2026-QAT-9,,
QAT,Qatar,10,FW,HASSAN ALHAYDOS,Hasan Alhaydos,Hassan Alhaydos,SI,Hasan Khalid H,ALHAYDOS,ALHAYDOS,wc2026-QAT-10,Cambio de nombre,
QAT,Qatar,11,FW,AKRAM AFIF,Akram Afif,Akram Afif,,Akram Hassan A Y,AFIF,AFIF,wc2026-QAT-11,,
QAT,Qatar,12,MF,KARIM BOUDIAF,Karim Boudiaf,Karim Boudiaf,,Karim,BOUDIAF,KARIM,wc2026-QAT-12,,
QAT,Qatar,13,DF,AYOUB ALOUI,Ayoub Aloui,Ayoub Aloui,,Ayoub Mohamed,ALOUI,AYOUB,wc2026-QAT-13,,
QAT,Qatar,14,DF,HOMAM AHMED,Homam Ahmed,Homam Ahmed,,Homam Elamin M,AHMED,HOMAM,wc2026-QAT-14,,
QAT,Qatar,15,FW,YUSUF ABDURISAG,Yusuf Yusuf,Yusuf Abdurisag,SI,Yusuf Abdurisag,YUSUF,YUSUF,wc2026-QAT-15,Cambio de nombre,
QAT,Qatar,16,DF,BOUALEM KHOUKHI,Boualem Khoukhi,Boualem Khoukhi,,Boualem,KHOUKHI,KHOUKHI,wc2026-QAT-16,,
QAT,Qatar,17,MF,AHMED ALGANEHI,A. Alganehi,Ahmed Alganehi,SI,Ahmed Mohamed H K,ALGANEHI,A. ALGANEHI,wc2026-QAT-17,Cambio de nombre,
QAT,Qatar,18,DF,SULTAN ALBRAKE,Sultan Al-brake,Sultan Albrake,SI,Sultan Hussain M H,AL-BRAKE,SULTAN,wc2026-QAT-18,Cambio de nombre,
QAT,Qatar,19,FW,ALMOEZ ALI,Almoez Abdulla,Almoez Ali,SI,Almoez Ali Zainelabdeen M,ABDULLA,ALMOEZ,wc2026-QAT-19,Cambio de nombre,
QAT,Qatar,20,MF,AHMED FATHY,A. Fathy,Ahmed Fathy,SI,Ahmed Fathy M,ABDOULLA,A. FATHY,wc2026-QAT-20,Cambio de nombre,
QAT,Qatar,21,GK,SALAH ZAKARIA,Salah Hassan,Salah Zakaria,SI,Salah Zakaria M M,HASSAN,SALAH,wc2026-QAT-21,Cambio de nombre,
QAT,Qatar,22,GK,MESHAAL BARSHAM,Meshaal Barsham,Meshaal Barsham,,Meshaal Aissa M,BARSHAM,BARSHAM,wc2026-QAT-22,,
QAT,Qatar,23,MF,ASSIM MADIBO,Assim Madibo,Assim Madibo,,Assim Omer A,MADIBO,MADIBO,wc2026-QAT-23,,
QAT,Qatar,24,FW,TAHSIN JAMSHID,Tahsin Jamshid,Tahsin Jamshid,,Tahsin Mohammad,JAMSHID,TAHSIN,wc2026-QAT-24,,
QAT,Qatar,25,DF,ALHASHMI ALHUSSEIN,Alhashmi Mohialdin,Alhashmi Alhussein,SI,Alhashmi Alhussein A,MOHIALDIN,ALHASHMI,wc2026-QAT-25,Cambio de nombre,
QAT,Qatar,26,FW,MOHAMED MANAI,Mohamed Manai,Mohamed Manai,,Mohamed Naceur,MANAI,MANAI,wc2026-QAT-26,,
KSA,Saudi Arabia,1,GK,NAWAF ALAQIDI,Nawaf Alaqidi,Nawaf Alaqidi,,Nawaf Dhahi F,ALAQIDI,ALAQIDI,wc2026-KSA-1,,
KSA,Saudi Arabia,2,DF,ALI MAJRASHI,Ali Majrashi,Ali Majrashi,,Ali Hassan M,MAJRASHI,MAJRASHI,wc2026-KSA-2,,
KSA,Saudi Arabia,3,DF,ALI LAJAMI,Ali Lajami,Ali Lajami,,Ali Mohammed A,LAJAMI,LAJAMI,wc2026-KSA-3,,
KSA,Saudi Arabia,4,DF,ABDULELAH ALAMRI,Abdulelah Alamri,Abdulelah Alamri,,Abdulelah Ali A,ALAMRI,ALAMRI,wc2026-KSA-4,,
KSA,Saudi Arabia,5,DF,HASSAN ALTAMBAKTI,Hassan Altambakti,Hassan Altambakti,,Hassan Mohammed O,ALTAMBAKTI,ALTAMBAKTI,wc2026-KSA-5,,
KSA,Saudi Arabia,6,MF,NASSER ALDAWSARI,Nasser Aldawsari,Nasser Aldawsari,,Nasser Essa S,ALDAWSARI,NASSER,wc2026-KSA-6,,
KSA,Saudi Arabia,7,MF,MUSAB ALJUWAYR,Musab Aljuwayr,Musab Aljuwayr,,Musab Fahad Z,ALJUWAYR,MUSAB,wc2026-KSA-7,,
KSA,Saudi Arabia,8,FW,AIMAN YAHYA,Aiman Ahmed,Aiman Yahya,SI,Aiman Yahya Y,AHMED,AIMAN,wc2026-KSA-8,Cambio de nombre,
KSA,Saudi Arabia,9,FW,FERAS ALBRIKAN,Feras Albrikan,Feras Albrikan,,Feras Tariq N,ALBRIKAN,FERAS,wc2026-KSA-9,,
KSA,Saudi Arabia,10,FW,SALEM ALDAWSARI,Salem Aldawsari,Salem Aldawsari,,Salem Mohammed S,ALDAWSARI,SALEM,wc2026-KSA-10,,
KSA,Saudi Arabia,11,FW,SALEH ALSHEHRI,Saleh Alshehri,Saleh Alshehri,,Saleh Khalid M,ALSHEHRI,ALSHEHRI,wc2026-KSA-11,,
KSA,Saudi Arabia,12,DF,SAUD ABDULHAMID,Saud Abdulhamid,Saud Abdulhamid,,Saud Abdullah S,ABDULHAMID,SAUD,wc2026-KSA-12,,
KSA,Saudi Arabia,13,DF,NAWAF BU WASHL,Nawaf Washl,Nawaf Bu Washl,SI,Nawaf Meshari M,BU WASHL,NAWAF,wc2026-KSA-13,Cambio de nombre,
KSA,Saudi Arabia,14,DF,HASSAN KADISH,Hassan Mahbub,Hassan Kadish,SI,Hassan Kadish Y,MAHBUB,KADISH,wc2026-KSA-14,Cambio de nombre,
KSA,Saudi Arabia,15,MF,ABDULLAH ALKHAIBARI,Abdullah Alkhaibari,Abdullah Alkhaibari,,Abdullah Mohammed H,ALKHAIBARI,ALKHAIBARI,wc2026-KSA-15,,
KSA,Saudi Arabia,16,MF,ZIYAD ALJOHANI,Ziyad Aljohani,Ziyad Aljohani,,Ziyad Mubarak E,ALJOHANI,ZIYAD,wc2026-KSA-16,,
KSA,Saudi Arabia,17,FW,KHALID ALGHANNAM,Khalid Alghannam,Khalid Alghannam,,Khalid Essa M,ALGHANNAM,KHALID,wc2026-KSA-17,,
KSA,Saudi Arabia,18,MF,ALA ALHAJJI,Ala Alhajji,Ala Alhajji,,Ala Mohsen A,ALHAJJI,ALHAJJI,wc2026-KSA-18,,
KSA,Saudi Arabia,19,FW,ABDULLAH ALHAMDDAN,Abdullah Alhamddan,Abdullah Alhamddan,,Abdullah Abdulrahman A,ALHAMDDAN,ALHAMDDAN,wc2026-KSA-19,,
KSA,Saudi Arabia,20,FW,SULTAN MANDASH,Sultan Mandash,Sultan Mandash,,Sultan Ahmed M,MANDASH,MANDASH,wc2026-KSA-20,,
KSA,Saudi Arabia,21,GK,MOHAMMED ALOWAIS,Mohammed Alowais,Mohammed Alowais,,Mohammed Khalil I,ALOWAIS,ALOWAIS,wc2026-KSA-21,,
KSA,Saudi Arabia,22,GK,AHMED ALKASSAR,Ahmed Alkassar,Ahmed Alkassar,,Ahmed Ali H,ALKASSAR,ALKASSAR,wc2026-KSA-22,,
KSA,Saudi Arabia,23,MF,MOHAMED KANNO,Mohamed Kanno,Mohamed Kanno,,Mohamed Ibrahim A,KANNO,KANNO,wc2026-KSA-23,,
KSA,Saudi Arabia,24,DF,MOTEB ALHARBI,Moteb Alharbi,Moteb Alharbi,,Moteb Saad S,ALHARBI,MOTEB,wc2026-KSA-24,,
KSA,Saudi Arabia,25,DF,JEHAD THIKRI,Jehad Thikri,Jehad Thikri,,Jehad Abdullatif A,THIKRI,JEHAD,wc2026-KSA-25,,
KSA,Saudi Arabia,26,DF,MOHAMMED ABU ALSHAMAT,Mohammed Alshamat,Mohammed Abu Alshamat,SI,Mohammed Waheeb S,ABU ALSHAMAT,MOHAMMED,wc2026-KSA-26,Cambio de nombre,
SCO,Scotland,1,GK,GUNN Angus,Angus Gunn,Gunn Angus,SI,Angus Fraser James,GUNN,GUNN,wc2026-SCO-1,Cambio de nombre,
SCO,Scotland,2,DF,HICKEY Aaron,Aaron Hickey,Hickey Aaron,SI,Aaron Buchanan,HICKEY,HICKEY,wc2026-SCO-2,Cambio de nombre,
SCO,Scotland,3,DF,ROBERTSON Andy,Andrew Robertson,Robertson Andy,SI,Andrew Henry,ROBERTSON,ROBERTSON,wc2026-SCO-3,Cambio de nombre,
SCO,Scotland,4,MF,McTOMINAY Scott,Scott Mctominay,Mctominay Scott,SI,Scott Francis,MCTOMINAY,MCTOMINAY,wc2026-SCO-4,Cambio de nombre,
SCO,Scotland,5,DF,HANLEY Grant,Grant Hanley,Hanley Grant,SI,Grant Campbell,HANLEY,HANLEY,wc2026-SCO-5,Cambio de nombre,
SCO,Scotland,6,DF,TIERNEY Kieran,Kieran Tierney,Tierney Kieran,SI,Kieran,TIERNEY,TIERNEY,wc2026-SCO-6,Cambio de nombre,
SCO,Scotland,7,MF,McGINN John,John Mcginn,Mcginn John,SI,John,MCGINN,MCGINN,wc2026-SCO-7,Cambio de nombre,
SCO,Scotland,8,MF,FLETCHER Tyler,Tyler Fletcher,Fletcher Tyler,SI,Tyler Robert,FLETCHER,FLETCHER,wc2026-SCO-8,Cambio de nombre,
SCO,Scotland,9,FW,DYKES Lyndon,Lyndon Dykes,Dykes Lyndon,SI,Lyndon John,DYKES,DYKES,wc2026-SCO-9,Cambio de nombre,
SCO,Scotland,10,FW,ADAMS Che,Che Adams,Adams Che,SI,Che Sac Everton Fred,ADAMS,ADAMS,wc2026-SCO-10,Cambio de nombre,
SCO,Scotland,11,MF,CHRISTIE Ryan,Ryan Christie,Christie Ryan,SI,Ryan,CHRISTIE,CHRISTIE,wc2026-SCO-11,Cambio de nombre,
SCO,Scotland,12,GK,KELLY Liam,Liam Kelly,Kelly Liam,SI,Liam Patrick,KELLY,KELLY,wc2026-SCO-12,Cambio de nombre,
SCO,Scotland,13,DF,HENDRY Jack,Jack Hendry,Hendry Jack,SI,Jack William,HENDRY,HENDRY,wc2026-SCO-13,Cambio de nombre,
SCO,Scotland,14,FW,STEWART Ross,Ross Stewart,Stewart Ross,SI,Ross Cameron,STEWART,STEWART,wc2026-SCO-14,Cambio de nombre,
SCO,Scotland,15,DF,SOUTTAR John,John Souttar,Souttar John,SI,John Francis,SOUTTAR,SOUTTAR,wc2026-SCO-15,Cambio de nombre,
SCO,Scotland,16,DF,HYAM Dominic,Dominic Hyam,Hyam Dominic,SI,Dominic John,HYAM,HYAM,wc2026-SCO-16,Cambio de nombre,
SCO,Scotland,17,FW,GANNON-DOAK Ben,Gannon Doak,Gannon-doak Ben,SI,Ben Gannon,DOAK,GANNON DOAK,wc2026-SCO-17,Cambio de nombre,
SCO,Scotland,18,FW,HIRST George,George Hirst,Hirst George,SI,George David Eric,HIRST,HIRST,wc2026-SCO-18,Cambio de nombre,
SCO,Scotland,19,MF,FERGUSON Lewis,Lewis Ferguson,Ferguson Lewis,SI,Lewis,FERGUSON,FERGUSON,wc2026-SCO-19,Cambio de nombre,
SCO,Scotland,20,FW,SHANKLAND Lawrence,Lawrence Shankland,Shankland Lawrence,SI,Lawrence,SHANKLAND,SHANKLAND,wc2026-SCO-20,Cambio de nombre,
SCO,Scotland,21,GK,GORDON Craig,Craig Gordon,Gordon Craig,SI,Craig Sinclair,GORDON,GORDON,wc2026-SCO-21,Cambio de nombre,
SCO,Scotland,22,DF,PATTERSON Nathan,Nathan Patterson,Patterson Nathan,SI,Nathan Kenneth,PATTERSON,PATTERSON,wc2026-SCO-22,Cambio de nombre,
SCO,Scotland,23,MF,McLEAN Kenny,Kenneth Mclean,Mclean Kenny,SI,Kenneth,MCLEAN,MCLEAN,wc2026-SCO-23,Cambio de nombre,
SCO,Scotland,24,DF,RALSTON Anthony,Anthony Ralston,Ralston Anthony,SI,Anthony,RALSTON,RALSTON,wc2026-SCO-24,Cambio de nombre,
SCO,Scotland,25,FW,CURTIS Findlay,Findlay Curtis,Curtis Findlay,SI,Findlay Kenneth,CURTIS,CURTIS,wc2026-SCO-25,Cambio de nombre,
SCO,Scotland,26,DF,McKENNA Scott,Scott Mckenna,Mckenna Scott,SI,Scott Fraser,MCKENNA,MCKENNA,wc2026-SCO-26,Cambio de nombre,
SEN,Senegal,1,GK,DIOUF Yehvann,Y. Diouf,Diouf Yehvann,SI,Yehvann Djibril Victor,DIOUF,Y. DIOUF,wc2026-SEN-1,Cambio de nombre,
SEN,Senegal,2,DF,SARR Mamadou,Mamadou Sarr,Sarr Mamadou,SI,Mamadou,SARR,SARR,wc2026-SEN-2,Cambio de nombre,
SEN,Senegal,3,DF,KOULIBALY Kalidou,Kalidou Koulibaly,Koulibaly Kalidou,SI,Kalidou,KOULIBALY,KOULIBALY,wc2026-SEN-3,Cambio de nombre,
SEN,Senegal,4,DF,SECK Abdoulaye,Abdoulaye Seck,Seck Abdoulaye,SI,Abdoulaye,SECK,SECK,wc2026-SEN-4,Cambio de nombre,
SEN,Senegal,5,MF,GUEYE Idrissa Gana,Idrissa Gueye,Gueye Idrissa Gana,SI,Idrissa Gana,GUEYE,GANA,wc2026-SEN-5,Cambio de nombre,
SEN,Senegal,6,MF,CISS Pathe,P.i. Ciss,Ciss Pathe,SI,Ismaila Pathe,CISS,P.I. CISS,wc2026-SEN-6,Cambio de nombre,
SEN,Senegal,7,FW,DIAO Assane,Assane Diao,Diao Assane,SI,Assane,DIAO,DIAO,wc2026-SEN-7,Cambio de nombre,
SEN,Senegal,8,MF,CAMARA Lamine,Lamine Camara,Camara Lamine,SI,Lamine,CAMARA,LAMINE,wc2026-SEN-8,Cambio de nombre,
SEN,Senegal,9,FW,DIENG Bamba,B. Dieng,Dieng Bamba,SI,Cheikh Ahmadou Bamba Mbacke,DIENG,B. DIENG,wc2026-SEN-9,Cambio de nombre,
SEN,Senegal,10,FW,MANE Sadio,Sadio Mané,Mane Sadio,SI,Sadio,MANÉ,MANÉ,wc2026-SEN-10,Cambio de nombre,
SEN,Senegal,11,FW,JACKSON Nicolas,Nicolas Jackson,Jackson Nicolas,SI,Nicolas,JACKSON,JACKSON,wc2026-SEN-11,Cambio de nombre,
SEN,Senegal,12,FW,NDIAYE Cherif,Pape Ndiaye,Ndiaye Cherif,SI,Pape Cherif,NDIAYE,CHERIF,wc2026-SEN-12,Cambio de nombre,
SEN,Senegal,13,FW,NDIAYE Iliman,Iliman Ndiaye,Ndiaye Iliman,SI,Iliman Cheikh Baroy,NDIAYE,NDIAYE,wc2026-SEN-13,Cambio de nombre,
SEN,Senegal,14,DF,JAKOBS Ismail,Ismail Jakobs,Jakobs Ismail,SI,Ismail Joshua,JAKOBS,JAKOBS,wc2026-SEN-14,Cambio de nombre,
SEN,Senegal,15,DF,DIATTA Krepin,Krépin Diatta,Diatta Krepin,SI,Krépin,DIATTA,KRÉPIN,wc2026-SEN-15,Cambio de nombre,
SEN,Senegal,16,GK,MENDY Edouard,Edouard Mendy,Mendy Edouard,SI,Edouard Osoque,MENDY,MENDY,wc2026-SEN-16,Cambio de nombre,
SEN,Senegal,17,MF,SARR Pape Matar,P.m. Sarr,Sarr Pape Matar,SI,Pape Matar,SARR,P.M. SARR,wc2026-SEN-17,Cambio de nombre,
SEN,Senegal,18,FW,SARR Ismaila,Ismaila Sarr,Sarr Ismaila,SI,Ismaila,SARR,SARR,wc2026-SEN-18,Cambio de nombre,
SEN,Senegal,19,DF,NIAKHATE Moussa,Moussa Niakhate,Niakhate Moussa,SI,Moussa,NIAKHATÉ,NIAKHATE,wc2026-SEN-19,Cambio de nombre,
SEN,Senegal,20,FW,MBAYE Ibrahim,Ibrahim Mbaye,Mbaye Ibrahim,SI,Ibrahim,MBAYE,MBAYE,wc2026-SEN-20,Cambio de nombre,
SEN,Senegal,21,MF,DIARRA Habib,H. Diarra,Diarra Habib,SI,Mouhamadou Habib Mbacke,DIARRA,H. DIARRA,wc2026-SEN-21,Cambio de nombre,
SEN,Senegal,22,MF,NDIAYE Bara Sapoko,Bara Ndiaye,Ndiaye Bara Sapoko,SI,Bara Sapoko,NDIAYE,BARA,wc2026-SEN-22,Cambio de nombre,
SEN,Senegal,23,GK,DIAW Mory,Mory Diaw,Diaw Mory,SI,Mory,DIAW,DIAW,wc2026-SEN-23,Cambio de nombre,
SEN,Senegal,24,DF,MENDY Antoine,A. Mendy,Mendy Antoine,SI,Antoine Alpha,MENDY,A. MENDY,wc2026-SEN-24,Cambio de nombre,
SEN,Senegal,25,DF,DIOUF El Hadji Malick,El Diouf,Diouf El Hadji Malick,SI,El Hadji Malick,DIOUF,DIOUF,wc2026-SEN-25,Cambio de nombre,
SEN,Senegal,26,MF,GUEYE Pape,Pape Gueye,Gueye Pape,SI,Pape Alassane,GUEYE,GUEYE,wc2026-SEN-26,Cambio de nombre,
RSA,South Africa,1,GK,WILLIAMS Ronwen,Ronwen Williams,Williams Ronwen,SI,Ronwen Hayden,WILLIAMS,WILLIAMS,wc2026-RSA-1,Cambio de nombre,
RSA,South Africa,2,DF,MATULUDI Thabang,Tholo Matuludi,Matuludi Thabang,SI,Tholo Thabang,MATULUDI,MATULUDI,wc2026-RSA-2,Cambio de nombre,
RSA,South Africa,3,DF,NDAMANE Khulumani,Khulumani Ndamane,Ndamane Khulumani,SI,Khulumani,NDAMANE,NDAMANE,wc2026-RSA-3,Cambio de nombre,
RSA,South Africa,4,MF,MOKOENA Teboho,Teboho Mokoena,Mokoena Teboho,SI,Teboho,MOKOENA,MOKOENA,wc2026-RSA-4,Cambio de nombre,
RSA,South Africa,5,MF,MBATHA Thalente,Thalente Mbatha,Mbatha Thalente,SI,Thalente Wandile,MBATHA,MBATHA,wc2026-RSA-5,Cambio de nombre,
RSA,South Africa,6,DF,MODIBA Aubrey,Aubrey Modiba,Modiba Aubrey,SI,Aubrey Maphosa,MODIBA,MODIBA,wc2026-RSA-6,Cambio de nombre,
RSA,South Africa,7,FW,APPOLLIS Oswin,Oswin Appollis,Appollis Oswin,SI,Oswin Reagan,APPOLLIS,APPOLLIS,wc2026-RSA-7,Cambio de nombre,
RSA,South Africa,8,FW,MOREMI Tshepang,Tshepang Moremi,Moremi Tshepang,SI,Tshepang,MOREMI,MOREMI,wc2026-RSA-8,Cambio de nombre,
RSA,South Africa,9,FW,FOSTER Lyle,Lyle Foster,Foster Lyle,SI,Lyle Brent,FOSTER,FOSTER,wc2026-RSA-9,Cambio de nombre,
RSA,South Africa,10,FW,MOFOKENG Relebohile,Relebohile Mofokeng,Mofokeng Relebohile,SI,Relebohile,MOFOKENG,MOFOKENG,wc2026-RSA-10,Cambio de nombre,
RSA,South Africa,11,MF,ZWANE Themba,Themba Zwane,Zwane Themba,SI,Themba,ZWANE,ZWANE,wc2026-RSA-11,Cambio de nombre,
RSA,South Africa,12,FW,MASEKO Thapelo,Thapelo Maseko,Maseko Thapelo,SI,Thapelo,MASEKO,MASEKO,wc2026-RSA-12,Cambio de nombre,
RSA,South Africa,13,MF,SITHOLE Sphephelo,Sphephelo Sithole,Sithole Sphephelo,SI,Sphephelo S'miso,SITHOLE,SITHOLE,wc2026-RSA-13,Cambio de nombre,
RSA,South Africa,14,DF,MBOKAZI Mbekezeli,Mbekezeli Mbokazi,Mbokazi Mbekezeli,SI,Mbekezeli Mfanufikile,MBOKAZI,MBOKAZI,wc2026-RSA-14,Cambio de nombre,
RSA,South Africa,15,FW,RAYNERS Iqraam,Iqraam Rayners,Rayners Iqraam,SI,Iqraam,RAYNERS,RAYNERS,wc2026-RSA-15,Cambio de nombre,
RSA,South Africa,16,GK,CHAINE Sipho,Sipho Chaine,Chaine Sipho,SI,Sipho Justin,CHAINE,CHAINE,wc2026-RSA-16,Cambio de nombre,
RSA,South Africa,17,FW,MAKGOPA Evidence,Sekotori Makgpa,Makgopa Evidence,SI,Sekotori Evidence,MAKGOPA,MAKGPA,wc2026-RSA-17,Cambio de nombre,
RSA,South Africa,18,DF,KABINI Samukelo,Samukele Kabini,Kabini Samukelo,SI,Samukele Alucious,KABINI,KABINI,wc2026-RSA-18,Cambio de nombre,
RSA,South Africa,19,DF,SIBISI Nkosinathi,Nkosinathi Sibisi,Sibisi Nkosinathi,SI,Nkosinathi Emmanuel,SIBISI,SIBISI,wc2026-RSA-19,Cambio de nombre,
RSA,South Africa,20,DF,MUDAU Khuliso,Khuliso Mudau,Mudau Khuliso,SI,Khuliso Johnson,MUDAU,MUDAU,wc2026-RSA-20,Cambio de nombre,
RSA,South Africa,21,DF,OKON Ime,Ime Okon,Okon Ime,SI,Ime Daniel,OKON,OKON,wc2026-RSA-21,Cambio de nombre,
RSA,South Africa,22,GK,GOSS Ricardo,Stuart Goss,Goss Ricardo,SI,Stuart Ricardo,GOSS,GOSS,wc2026-RSA-22,Cambio de nombre,
RSA,South Africa,23,MF,ADAMS Jayden,Jayden Adams,Adams Jayden,SI,Jayden Oswin,ADAMS,ADAMS,wc2026-RSA-23,Cambio de nombre,
RSA,South Africa,24,DF,MAKHANYA Olwethu,Olwethu Makhanya,Makhanya Olwethu,SI,Olwethu Mpilwenhle,MAKHANYA,MAKHANYA,wc2026-RSA-24,Cambio de nombre,
RSA,South Africa,25,FW,SEBELEBELE Kamogelo,Kamogelo Sebelebele,Sebelebele Kamogelo,SI,Kamogelo Michael,SEBELEBELE,SEBELEBELE,wc2026-RSA-25,Cambio de nombre,
RSA,South Africa,26,DF,CROSS Bradley,Bradley Cross,Cross Bradley,SI,Bradley Paul,CROSS,CROSS,wc2026-RSA-26,Cambio de nombre,
ESP,Spain,1,GK,RAYA David,David Raya,Raya David,SI,David,RAYA MARTÍN,RAYA,wc2026-ESP-1,Cambio de nombre,
ESP,Spain,2,DF,PUBILL Marc,Marc Pubill,Pubill Marc,SI,Marc,PUBILL PAGES,MARC PUBILL,wc2026-ESP-2,Cambio de nombre,
ESP,Spain,3,DF,GRIMALDO Alex,Alejandro Grimaldo,Grimaldo Alex,SI,Alejandro,GRIMALDO GARCÍA,GRIMALDO,wc2026-ESP-3,Cambio de nombre,
ESP,Spain,4,DF,GARCIA Eric,Eric Martret,Garcia Eric,SI,Eric,GARCÍA MARTRET,ERIC,wc2026-ESP-4,Cambio de nombre,
ESP,Spain,5,DF,LLORENTE Marcos,M. Llorente,Llorente Marcos,SI,Marcos,LLORENTE MORENO,M. LLORENTE,wc2026-ESP-5,Cambio de nombre,
ESP,Spain,6,MF,MERINO Mikel,Mikel Merino,Merino Mikel,SI,Mikel,MERINO ZAZÓN,MERINO,wc2026-ESP-6,Cambio de nombre,
ESP,Spain,7,FW,TORRES Ferran,Ferran García,Torres Ferran,SI,Ferran,TORRES GARCÍA,FERRAN,wc2026-ESP-7,Cambio de nombre,
ESP,Spain,8,MF,RUIZ Fabian,Fabian Fabián,Ruiz Fabian,SI,Fabian,RUIZ PEÑA,FABIÁN,wc2026-ESP-8,Cambio de nombre,
ESP,Spain,9,MF,GAVI,Pablo Gavi,Gavi,SI,Pablo,PAEZ GAVIRA,GAVI,wc2026-ESP-9,Cambio de nombre,
ESP,Spain,10,FW,OLMO Dani,Daniel Olmo,Olmo Dani,SI,Daniel,OLMO CARVAJAL,OLMO,wc2026-ESP-10,Cambio de nombre,
ESP,Spain,11,FW,PINO Yeremy,Yeremy Santos,Pino Yeremy,SI,Yeremy Jesús,PINO SANTOS,YEREMY,wc2026-ESP-11,Cambio de nombre,
ESP,Spain,12,DF,PORRO Pedro,Pedro Porro,Porro Pedro,SI,Pedro Antonio,PORRO SAUCEDA,PEDRO PORRO,wc2026-ESP-12,Cambio de nombre,
ESP,Spain,13,GK,GARCIA Joan,Joan Garcia,Garcia Joan,SI,Joan,GARCIA PONS,JOAN GARCIA,wc2026-ESP-13,Cambio de nombre,
ESP,Spain,14,DF,LAPORTE Aymeric,Aymeric Laporte,Laporte Aymeric,SI,Aymeric,LAPORTE FEVRE,LAPORTE,wc2026-ESP-14,Cambio de nombre,
ESP,Spain,15,MF,BAENA Alex,Alex B.,Baena Alex,SI,Alejandro,BAENA RODRÍGUEZ,ALEX B.,wc2026-ESP-15,Cambio de nombre,
ESP,Spain,16,MF,RODRI,Rodrigo Cascante,Rodri,SI,Rodrigo,HERNÁNDEZ CASCANTE,RODRIGO,wc2026-ESP-16,Cambio de nombre,
ESP,Spain,17,FW,WILLIAMS Nico,Williams Jr,Williams Nico,SI,Nicholas,WILLIAMS ARTHUER,WILLIAMS JR,wc2026-ESP-17,Cambio de nombre,
ESP,Spain,18,MF,ZUBIMENDI Martin,Martin Zubimendi,Zubimendi Martin,SI,Martin,ZUBIMENDI IBAÑEZ,ZUBIMENDI,wc2026-ESP-18,Cambio de nombre,
ESP,Spain,19,FW,YAMAL Lamine,Lamine Yamal,Yamal Lamine,SI,Lamine Yamal,NASRAOUI EBANA,LAMINE YAMAL,wc2026-ESP-19,Cambio de nombre,
ESP,Spain,20,MF,PEDRI,Pedro Pedri,Pedri,SI,Pedro,GONZÁLEZ LÓPEZ,PEDRI,wc2026-ESP-20,Cambio de nombre,
ESP,Spain,21,FW,OYARZABAL Mikel,Mikel Oyarzabal,Oyarzabal Mikel,SI,Mikel,OYARZABAL UGARTE,OYARZABAL,wc2026-ESP-21,Cambio de nombre,
ESP,Spain,22,DF,CUBARSI Pau,Pau Cubarsí,Cubarsi Pau,SI,Pau,CUBARSI I PAREDES,CUBARSÍ,wc2026-ESP-22,Cambio de nombre,
ESP,Spain,23,GK,SIMON Unai,Unai Simón,Simon Unai,SI,Unai,SIMÓN MENDIBIL,UNAI SIMÓN,wc2026-ESP-23,Cambio de nombre,
ESP,Spain,24,DF,CUCURELLA Marc,Marc Cucurella,Cucurella Marc,SI,Marc,CUCURELLA SASETA,CUCURELLA,wc2026-ESP-24,Cambio de nombre,
ESP,Spain,25,FW,MUNOZ Victor,Victor M.v.,Munoz Victor,SI,Victor,MUÑOZ VILLANUEVA,VICTOR M.V.,wc2026-ESP-25,Cambio de nombre,
ESP,Spain,26,FW,IGLESIAS Borja,B. Iglesias,Iglesias Borja,SI,Borja,IGLESIAS QUINTÁS,B. IGLESIAS,wc2026-ESP-26,Cambio de nombre,
SWE,Sweden,1,GK,WIDELL ZETTERSTROM Jacob,Jacob Zetterström,Widell Zetterstrom Jacob,SI,Jacob Mikael,WIDELL ZETTERSTRÖM,ZETTERSTRÖM,wc2026-SWE-1,Cambio de nombre,
SWE,Sweden,2,DF,LAGERBIELKE Gustaf,Gustaf Lagerbielke,Lagerbielke Gustaf,SI,Gustaf Johan,LAGERBIELKE,LAGERBIELKE,wc2026-SWE-2,Cambio de nombre,
SWE,Sweden,3,DF,LINDELOF Victor,Victor Lindelöf,Lindelof Victor,SI,Victor Jörgen,NILSSON LINDELÖF,LINDELÖF,wc2026-SWE-3,Cambio de nombre,
SWE,Sweden,4,DF,HIEN Isak,Isak Hien,Hien Isak,SI,Isak Malcolm Kwaku,HIEN,HIEN,wc2026-SWE-4,Cambio de nombre,
SWE,Sweden,5,DF,GUDMUNDSSON Gabriel,Gabriel Gudmundsson,Gudmundsson Gabriel,SI,Gabriel Johan,GUDMUNDSSON,GUDMUNDSSON,wc2026-SWE-5,Cambio de nombre,
SWE,Sweden,6,DF,JOHANSSON Herman,H. Johansson,Johansson Herman,SI,Herman Nils,JOHANSSON,H. JOHANSSON,wc2026-SWE-6,Cambio de nombre,
SWE,Sweden,7,MF,BERGVALL Lucas,Lucas Bergvall,Bergvall Lucas,SI,Lucas Erik Holger,BERGVALL,BERGVALL,wc2026-SWE-7,Cambio de nombre,
SWE,Sweden,8,DF,SVENSSON Daniel,Daniel Svensson,Svensson Daniel,SI,Daniel Jonathan,SVENSSON,SVENSSON,wc2026-SWE-8,Cambio de nombre,
SWE,Sweden,9,FW,ISAK Alexander,Alexander Isak,Isak Alexander,SI,Alexander,ISAK,ISAK,wc2026-SWE-9,Cambio de nombre,
SWE,Sweden,10,MF,NYGREN Benjamin,Erik Nygren,Nygren Benjamin,SI,Erik Benjamin,NYGREN,NYGREN,wc2026-SWE-10,Cambio de nombre,
SWE,Sweden,11,FW,ELANGA Anthony,Anthony Elanga,Elanga Anthony,SI,Anthony David Junior,ELANGA,ELANGA,wc2026-SWE-11,Cambio de nombre,
SWE,Sweden,12,GK,JOHANSSON Viktor,V. Johansson,Johansson Viktor,SI,Tobias Viktor,JOHANSSON,V. JOHANSSON,wc2026-SWE-12,Cambio de nombre,
SWE,Sweden,13,MF,SEMA Ken,Ken Sema,Sema Ken,SI,Ken,SEMA,SEMA,wc2026-SWE-13,Cambio de nombre,
SWE,Sweden,14,DF,EKDAL Hjalmar,Hjalmar Ekdal,Ekdal Hjalmar,SI,Hjalmar,EKDAL,EKDAL,wc2026-SWE-14,Cambio de nombre,
SWE,Sweden,15,DF,STARFELT Carl,Carl Starfelt,Starfelt Carl,SI,Carl Anders Theodor,STARFELT,STARFELT,wc2026-SWE-15,Cambio de nombre,
SWE,Sweden,16,MF,KARLSTROM Jesper,Jesper Karlström,Karlstrom Jesper,SI,Jesper Kewe,KARLSTRÖM,KARLSTRÖM,wc2026-SWE-16,Cambio de nombre,
SWE,Sweden,17,FW,GYOKERES Viktor,Viktor Gyökeres,Gyokeres Viktor,SI,Viktor Einar,GYÖKERES,GYÖKERES,wc2026-SWE-17,Cambio de nombre,
SWE,Sweden,18,MF,AYARI Yasin,Yasin Ayari,Ayari Yasin,SI,Yasin,AYARI,AYARI,wc2026-SWE-18,Cambio de nombre,
SWE,Sweden,19,MF,SVANBERG Mattias,Mattias Svanberg,Svanberg Mattias,SI,Mattias Olof,SVANBERG,SVANBERG,wc2026-SWE-19,Cambio de nombre,
SWE,Sweden,20,DF,SMITH Eric,Eric Smith,Smith Eric,SI,Eric Anders,SMITH,SMITH,wc2026-SWE-20,Cambio de nombre,
SWE,Sweden,21,DF,BERNHARDSSON Alexander,Alexander Bernhardsson,Bernhardsson Alexander,SI,Alexander Olof,BERNHARDSSON,BERNHARDSSON,wc2026-SWE-21,Cambio de nombre,
SWE,Sweden,22,MF,ZENELI Besfort,Besfort Zeneli,Zeneli Besfort,SI,Besfort,ZENELI,ZENELI,wc2026-SWE-22,Cambio de nombre,
SWE,Sweden,23,GK,NORDFELDT Kristoffer,Bo Nordfeldt,Nordfeldt Kristoffer,SI,Bo Kristoffer,NORDFELDT,NORDFELDT,wc2026-SWE-23,Cambio de nombre,
SWE,Sweden,24,DF,STROUD Elliot,Elliot Stroud,Stroud Elliot,SI,Elliot Karl,STROUD,STROUD,wc2026-SWE-24,Cambio de nombre,
SWE,Sweden,25,FW,NILSSON Gustaf,Håkan Nilsson,Nilsson Gustaf,SI,Håkan Gustaf,NILSSON,NILSSON,wc2026-SWE-25,Cambio de nombre,
SWE,Sweden,26,FW,ALI Taha,Taha Ali,Ali Taha,SI,Taha Abdi,ALI,ALI,wc2026-SWE-26,Cambio de nombre,
SUI,Switzerland,1,GK,KOBEL Gregor,Gregor Kobel,Kobel Gregor,SI,Gregor,KOBEL,KOBEL,wc2026-SUI-1,Cambio de nombre,
SUI,Switzerland,2,DF,MUHEIM Miro,Miro Muheim,Muheim Miro,SI,Miro Max Maria,MUHEIM,MUHEIM,wc2026-SUI-2,Cambio de nombre,
SUI,Switzerland,3,DF,WIDMER Silvan,Silvan Widmer,Widmer Silvan,SI,Silvan Dominic,WIDMER,WIDMER,wc2026-SUI-3,Cambio de nombre,
SUI,Switzerland,4,DF,ELVEDI Nico,Nico Elvedi,Elvedi Nico,SI,Nico,ELVEDI,ELVEDI,wc2026-SUI-4,Cambio de nombre,
SUI,Switzerland,5,DF,AKANJI Manuel,Manuel Akanji,Akanji Manuel,SI,Manuel Obafemi,AKANJI,AKANJI,wc2026-SUI-5,Cambio de nombre,
SUI,Switzerland,6,MF,ZAKARIA Denis,Denis Zakaria,Zakaria Denis,SI,Denis Lemi,ZAKARIA LAKO LADO,ZAKARIA,wc2026-SUI-6,Cambio de nombre,
SUI,Switzerland,7,FW,EMBOLO Breel,Breel Embolo,Embolo Breel,SI,Breel Donald,EMBOLO,EMBOLO,wc2026-SUI-7,Cambio de nombre,
SUI,Switzerland,8,MF,FREULER Remo,Remo Freuler,Freuler Remo,SI,Remo Marco,FREULER,FREULER,wc2026-SUI-8,Cambio de nombre,
SUI,Switzerland,9,MF,MANZAMBI Johan,Johan Manzambi,Manzambi Johan,SI,Johan Kula,MANZAMBI,MANZAMBI,wc2026-SUI-9,Cambio de nombre,
SUI,Switzerland,10,MF,XHAKA Granit,Granit Xhaka,Xhaka Granit,SI,Granit,XHAKA,XHAKA,wc2026-SUI-10,Cambio de nombre,
SUI,Switzerland,11,FW,NDOYE Dan,Dan Nodye,Ndoye Dan,SI,Dan,NDOYE,NODYE,wc2026-SUI-11,Cambio de nombre,
SUI,Switzerland,12,GK,MVOGO Yvon,Yvon Mvogo,Mvogo Yvon,SI,Yvon Landry,MVOGO NGANOMA,MVOGO,wc2026-SUI-12,Cambio de nombre,
SUI,Switzerland,13,DF,RODRIGUEZ Ricardo,Ricardo Rodriguez,Rodriguez Ricardo,SI,Ricardo Ivan,RODRIGUEZ ARAYA,RODRIGUEZ,wc2026-SUI-13,Cambio de nombre,
SUI,Switzerland,14,MF,JASHARI Ardon,Ardon Jashari,Jashari Ardon,SI,Ardon,JASHARI,JASHARI,wc2026-SUI-14,Cambio de nombre,
SUI,Switzerland,15,MF,SOW Djibril,Mohameth Sow,Sow Djibril,SI,Mohameth Djibril Ibrahima,SOW,SOW,wc2026-SUI-15,Cambio de nombre,
SUI,Switzerland,16,FW,FASSNACHT Christian,Christian Fassnacht,Fassnacht Christian,SI,Christian Andreas,FASSNACHT,FASSNACHT,wc2026-SUI-16,Cambio de nombre,
SUI,Switzerland,17,FW,VARGAS Ruben,Ruben Vargas,Vargas Ruben,SI,Ruben Estephan,VARGAS MARITNEZ,VARGAS,wc2026-SUI-17,Cambio de nombre,
SUI,Switzerland,18,DF,COEMERT Eray,Eray Cömert,Coemert Eray,SI,Eray Ervin,CÖMERT,CÖMERT,wc2026-SUI-18,Cambio de nombre,
SUI,Switzerland,19,FW,OKAFOR Noah,Noah Okafor,Okafor Noah,SI,Noah Arinzechukwu,OKAFOR,OKAFOR,wc2026-SUI-19,Cambio de nombre,
SUI,Switzerland,20,MF,AEBISCHER Michel,Michel Aebischer,Aebischer Michel,SI,Michel,AEBISCHER,AEBISCHER,wc2026-SUI-20,Cambio de nombre,
SUI,Switzerland,21,GK,KELLER Marvin,Marvin Keller,Keller Marvin,SI,Marvin,KELLER,KELLER,wc2026-SUI-21,Cambio de nombre,
SUI,Switzerland,22,MF,RIEDER Fabian,Fabian Rieder,Rieder Fabian,SI,Fabian,RIEDER,RIEDER,wc2026-SUI-22,Cambio de nombre,
SUI,Switzerland,23,FW,AMDOUNI Zeki,Mohamed Amdouni,Amdouni Zeki,SI,Mohamed Zeki,AMDOUNI,AMDOUNI,wc2026-SUI-23,Cambio de nombre,
SUI,Switzerland,24,DF,AMENDA Aurele,Aurèle Amenda,Amenda Aurele,SI,Aurèle Florian,AMENDA,AMENDA,wc2026-SUI-24,Cambio de nombre,
SUI,Switzerland,25,DF,JAQUEZ Luca,Luca Jaquez,Jaquez Luca,SI,Luca Antony,JAQUEZ,JAQUEZ,wc2026-SUI-25,Cambio de nombre,
SUI,Switzerland,26,FW,ITTEN Cedric,Cedric Itten,Itten Cedric,SI,Cedric Jan,ITTEN,ITTEN,wc2026-SUI-26,Cambio de nombre,
TUN,Tunisia,1,GK,CHAMAKH Mouhib,Abdelmouhib Chamakh,Chamakh Mouhib,SI,Abdelmouhib,CHAMAKH,CHAMAKH,wc2026-TUN-1,Cambio de nombre,
TUN,Tunisia,2,DF,ABDI Ali,Ali Abdi,Abdi Ali,SI,Ali,ELABDI,ABDI,wc2026-TUN-2,Cambio de nombre,
TUN,Tunisia,3,DF,TALBI Montassar,Montassar Talbi,Talbi Montassar,SI,Montassar Omar,TALBI,TALBI,wc2026-TUN-3,Cambio de nombre,
TUN,Tunisia,4,DF,REKIK Omar,Omar Rekik,Rekik Omar,SI,Omar,REKIK,REKIK,wc2026-TUN-4,Cambio de nombre,
TUN,Tunisia,5,DF,AROUS Adam,Adam Arous,Arous Adam,SI,Adam,AROUS,AROUS,wc2026-TUN-5,Cambio de nombre,
TUN,Tunisia,6,DF,BRONN Dylan,Dylan Bronn,Bronn Dylan,SI,Dylan Daniel Mahmoud,BRONN,BRONN,wc2026-TUN-6,Cambio de nombre,
TUN,Tunisia,7,FW,ACHOURI Elias,Mohamed Achouri,Achouri Elias,SI,Mohamed Elyes,ACHOURI,ACHOURI,wc2026-TUN-7,Cambio de nombre,
TUN,Tunisia,8,FW,SAAD Elias,Elias Saad,Saad Elias,SI,Elias,SAAD,SAAD,wc2026-TUN-8,Cambio de nombre,
TUN,Tunisia,9,FW,MASTOURI Hazem,Hazem Mastouri,Mastouri Hazem,SI,Hazem,MASTOURI,MASTOURI,wc2026-TUN-9,Cambio de nombre,
TUN,Tunisia,10,MF,MEJBRI Hannibal,Hannibal Mejbri,Mejbri Hannibal,SI,Hannibal,MEJBRI,MEJBRI,wc2026-TUN-10,Cambio de nombre,
TUN,Tunisia,11,MF,GHARBI Ismael,Ismael Gharbi,Gharbi Ismael,SI,Ismael Seifallah,GHARBI,GHARBI,wc2026-TUN-11,Cambio de nombre,
TUN,Tunisia,12,DF,BEN OUANES Mortadha,Ben Ouanes,Ben Ouanes Mortadha,SI,Ahmed Mortadha,BEN OUANES,BEN OUANES,wc2026-TUN-12,Cambio de nombre,
TUN,Tunisia,13,MF,KHEDIRA Rani,Rani Khedira,Khedira Rani,SI,Rani,KHEDIRA,KHEDIRA,wc2026-TUN-13,Cambio de nombre,
TUN,Tunisia,14,MF,AYARI Khalil,Khalil Ayari,Ayari Khalil,SI,Khalil,AYARI,AYARI,wc2026-TUN-14,Cambio de nombre,
TUN,Tunisia,15,MF,HADJ MAHMOUD Mohamed,Belhadj Mahmoud,Hadj Mahmoud Mohamed,SI,Mohamed,BELHADJ MAHMOUD,BELHADJ MAHMOUD,wc2026-TUN-15,Cambio de nombre,
TUN,Tunisia,16,GK,DAHMEN Aymen,Aymen Dahmen,Dahmen Aymen,SI,Aymen,DAHMEN,DAHMEN,wc2026-TUN-16,Cambio de nombre,
TUN,Tunisia,17,MF,SKHIRI Ellyes,Ellyes Skhiri,Skhiri Ellyes,SI,Ellyes Joris,SKHIRI,SKHIRI,wc2026-TUN-17,Cambio de nombre,
TUN,Tunisia,18,FW,ELLOUMI Rayan,Rayan Elloumi,Elloumi Rayan,SI,Rayan,ELLOUMI,ELLOUMI,wc2026-TUN-18,Cambio de nombre,
TUN,Tunisia,19,FW,CHAOUAT Firas,Firas Chaouat,Chaouat Firas,SI,Firas,CHAOUAT,CHAOUAT,wc2026-TUN-19,Cambio de nombre,
TUN,Tunisia,20,DF,VALERY Yan,Yan Valery,Valery Yan,SI,Yan,VALERY,VALERY,wc2026-TUN-20,Cambio de nombre,
TUN,Tunisia,21,DF,BEN HMIDA Mohamed Amine,Ben Hmida,Ben Hmida Mohamed Amine,SI,Mohamed Amine,BEN HMIDA,BEN HMIDA,wc2026-TUN-21,Cambio de nombre,
TUN,Tunisia,22,GK,BEN HESSEN Sabri,Ben Hsan,Ben Hessen Sabri,SI,Sabri,BEN HSAN,BEN HSAN,wc2026-TUN-22,Cambio de nombre,
TUN,Tunisia,23,DF,NEFFATI Moutaz,Moutaz Neffati,Neffati Moutaz,SI,Moutaz,NEFFATI,NEFFATI,wc2026-TUN-23,Cambio de nombre,
TUN,Tunisia,24,DF,CHIKHAOUI Raed,Raed Chikhaoui,Chikhaoui Raed,SI,Raed,CHIKHAOUI,CHIKHAOUI,wc2026-TUN-24,Cambio de nombre,
TUN,Tunisia,25,MF,SLIMANE Anis,Anis Slimane,Slimane Anis,SI,Anis,BEN SLIMANE,SLIMANE,wc2026-TUN-25,Cambio de nombre,
TUN,Tunisia,26,MF,TOUNEKTI Sebastian,Sebastian Tounekti,Tounekti Sebastian,SI,Sebastian,TOUNEKTI,TOUNEKTI,wc2026-TUN-26,Cambio de nombre,
TUR,Turkey,1,GK,GUNOK Mert,Fehmi Günok,Gunok Mert,SI,Fehmi Mert,GÜNOK,MERT,wc2026-TUR-1,Cambio de nombre,
TUR,Turkey,2,DF,CELIK Zeki,Zeki̇ Çeli̇k,Celik Zeki,SI,Mehmet Zeki,ÇELIK,ZEKİ ÇELİK,wc2026-TUR-2,Cambio de nombre,
TUR,Turkey,3,DF,DEMIRAL Merih,Merih Demi̇ral,Demiral Merih,SI,Merih,DEMİRAL,DEMİRAL,wc2026-TUR-3,Cambio de nombre,
TUR,Turkey,4,DF,SOYUNCU Caglar,Çağlar Söyüncü,Soyuncu Caglar,SI,Çağlar,SÖYÜNCÜ,ÇAĞLAR,wc2026-TUR-4,Cambio de nombre,
TUR,Turkey,5,MF,OZCAN Salih,Salih Özcan,Ozcan Salih,SI,Salih,ÖZCAN,ÖZCAN,wc2026-TUR-5,Cambio de nombre,
TUR,Turkey,6,MF,KOKCU Orkun,Orkun Kökçü,Kokcu Orkun,SI,Orkun,KÖKÇÜ,ORKUN KÖKÇÜ,wc2026-TUR-6,Cambio de nombre,
TUR,Turkey,7,FW,AKTURKOGLU Kerem,Muhammed Aktürkoğlu,Akturkoglu Kerem,SI,Muhammed Kerem,AKTÜRKOĞLU,AKTÜRKOĞLU,wc2026-TUR-7,Cambio de nombre,
TUR,Turkey,8,FW,GULER Arda,Arda Güler,Guler Arda,SI,Arda,GÜLER,ARDA GÜLER,wc2026-TUR-8,Cambio de nombre,
TUR,Turkey,9,FW,GUL Deniz,Deni̇z Gül,Gul Deniz,SI,Deniz Daniel,GÜL,DENİZ GÜL,wc2026-TUR-9,Cambio de nombre,
TUR,Turkey,10,MF,CALHANOGLU Hakan,Hakan Çalhanoğlu,Calhanoglu Hakan,SI,Hakan,ÇALHANOĞLU,ÇALHANOĞLU,wc2026-TUR-10,Cambio de nombre,
TUR,Turkey,11,FW,YILDIZ Kenan,Kenan Yildiz,Yildiz Kenan,SI,Kenan,YILDIZ,YILDIZ,wc2026-TUR-11,Cambio de nombre,
TUR,Turkey,12,GK,BAYINDIR Altay,Altay Bayindir,Bayindir Altay,SI,Altay,BAYINDIR,ALTAY,wc2026-TUR-12,Cambio de nombre,
TUR,Turkey,13,DF,ELMALI Eren,Eren Elmali,Elmali Eren,SI,Evren Eren,ELMALI,EREN ELMALI,wc2026-TUR-13,Cambio de nombre,
TUR,Turkey,14,DF,BARDAKCI Abdulkerim,Abdülkeri̇m Bardakci,Bardakci Abdulkerim,SI,Abdülkerİm,BARDAKCI,ABDÜLKERİM,wc2026-TUR-14,Cambio de nombre,
TUR,Turkey,15,DF,KABAK Ozan,Ozan Kabak,Kabak Ozan,SI,Ozan Muhammed,KABAK,OZAN KABAK,wc2026-TUR-15,Cambio de nombre,
TUR,Turkey,16,MF,YUKSEK Ismail,İsmai̇l Yüksek,Yuksek Ismail,SI,İsmaİl,YÜKSEK,İSMAİL,wc2026-TUR-16,Cambio de nombre,
TUR,Turkey,17,FW,KAHVECI Irfan Can,İrfan Kahveci̇,Kahveci Irfan Can,SI,İrfan,KAHVECİ,KAHVECİ,wc2026-TUR-17,Cambio de nombre,
TUR,Turkey,18,DF,MULDUR Mert,Mert Müldür,Muldur Mert,SI,Mert,MÜLDÜR,MERT MÜLDÜR,wc2026-TUR-18,Cambio de nombre,
TUR,Turkey,19,FW,AKGUN Yunus,Yunus Akgün,Akgun Yunus,SI,Yunus,AKGÜN,YUNUS,wc2026-TUR-19,Cambio de nombre,
TUR,Turkey,20,DF,KADIOGLU Ferdi,F. Kadioğlu,Kadioglu Ferdi,SI,Ferdi Erenay,KADIOĞLU,F. KADIOĞLU,wc2026-TUR-20,Cambio de nombre,
TUR,Turkey,21,FW,YILMAZ Baris Alper,Barış Bariş,Yilmaz Baris Alper,SI,Barış Alper,YILMAZ,BARIŞ,wc2026-TUR-21,Cambio de nombre,
TUR,Turkey,22,MF,AYHAN Kaan,Kaan Ayhan,Ayhan Kaan,SI,Kaan,AYHAN,KAAN,wc2026-TUR-22,Cambio de nombre,
TUR,Turkey,23,GK,CAKIR Ugurcan,Uğurcan Çakir,Cakir Ugurcan,SI,Uğurcan,ÇAKIR,UĞURCAN,wc2026-TUR-23,Cambio de nombre,
TUR,Turkey,24,FW,AYDIN Oguz,Oğuz Aydin,Aydin Oguz,SI,Oğuz,AYDIN,OĞUZ,wc2026-TUR-24,Cambio de nombre,
TUR,Turkey,25,DF,AKAYDIN Samet,Samet Akaydin,Akaydin Samet,SI,Samet,AKAYDIN,SAMET AKAYDIN,wc2026-TUR-25,Cambio de nombre,
TUR,Turkey,26,FW,UZUN Can,Can Uzun,Uzun Can,SI,Can Yılmaz,UZUN,CAN UZUN,wc2026-TUR-26,Cambio de nombre,
URU,Uruguay,1,GK,ROCHET Sergio,S. Rochet,Rochet Sergio,SI,Sergio Ramón,ROCHET ALVAREZ,S. ROCHET,wc2026-URU-1,Cambio de nombre,
URU,Uruguay,2,DF,GIMENEZ Jose Maria,J.m. Giménez,Gimenez Jose Maria,SI,José María,GIMÉNEZ DE VARGAS,J.M. GIMÉNEZ,wc2026-URU-2,Cambio de nombre,
URU,Uruguay,3,DF,CACERES Sebastian,S. Caceres,Caceres Sebastian,SI,Sebastián Enzo,CÁCERES RAMOS,S. CACERES,wc2026-URU-3,Cambio de nombre,
URU,Uruguay,4,DF,ARAUJO Ronald,R. Araujo,Araujo Ronald,SI,Ronald Federico,ARAÚJO DA SILVA,R. ARAUJO,wc2026-URU-4,Cambio de nombre,
URU,Uruguay,5,MF,UGARTE Manuel,M. Ugarte,Ugarte Manuel,SI,Manuel,UGARTE RIBEIRO,M. UGARTE,wc2026-URU-5,Cambio de nombre,
URU,Uruguay,6,MF,BENTANCUR Rodrigo,R. Bentancur,Bentancur Rodrigo,SI,Rodrigo,BENTANCUR COLMÁN,R. BENTANCUR,wc2026-URU-6,Cambio de nombre,
URU,Uruguay,7,MF,DE LA CRUZ Nicolas,N. De La Cruz,De La Cruz Nicolas,SI,Diego Nicolás,DE LA CRUZ ARCOSA,N. DE LA CRUZ,wc2026-URU-7,Cambio de nombre,
URU,Uruguay,8,MF,VALVERDE Federico,F. Valverde,Valverde Federico,SI,Federico Santiago,VALVERDE DIPETTA,F. VALVERDE,wc2026-URU-8,Cambio de nombre,
URU,Uruguay,9,FW,NUNEZ Darwin,D. Nuñez,Nunez Darwin,SI,Darwin Gabriel,NUÑEZ RIBEIRO,D. NUÑEZ,wc2026-URU-9,Cambio de nombre,
URU,Uruguay,10,MF,DE ARRASCAETA Giorgian,G. De Arrascaeta,De Arrascaeta Giorgian,SI,Giorgian Daniel,DE ARRASCAETA BENEDETTI,G. DE ARRASCAETA,wc2026-URU-10,Cambio de nombre,
URU,Uruguay,11,FW,PELLISTRI Facundo,F. Pellistri,Pellistri Facundo,SI,Facundo,PELLISTRI REBOLLO,F. PELLISTRI,wc2026-URU-11,Cambio de nombre,
URU,Uruguay,12,GK,MELE Santiago,S. Mele,Mele Santiago,SI,Santiago Andres,MELE CASTAÑERO,S. MELE,wc2026-URU-12,Cambio de nombre,
URU,Uruguay,13,DF,VARELA Guillermo,G. Varela,Varela Guillermo,SI,Guillermo,VARELA OLIVERA,G. VARELA,wc2026-URU-13,Cambio de nombre,
URU,Uruguay,14,MF,CANOBBIO Agustin,A. Canobbio,Canobbio Agustin,SI,Agustin,CANOBBIO,A. CANOBBIO,wc2026-URU-14,Cambio de nombre,
URU,Uruguay,15,MF,MARTINEZ Emiliano,E. Martinez,Martinez Emiliano,SI,Emiliano,MARTÍNEZ TORANZA,E. MARTINEZ,wc2026-URU-15,Cambio de nombre,
URU,Uruguay,16,DF,OLIVERA Mathias,M. Olivera,Olivera Mathias,SI,Mathías,OLIVERA MIRAMONTES,M. OLIVERA,wc2026-URU-16,Cambio de nombre,
URU,Uruguay,17,DF,VINA Matias,M. Viña,Vina Matias,SI,Matías Nicolas,VIÑA SUSPERREGUY,M. VIÑA,wc2026-URU-17,Cambio de nombre,
URU,Uruguay,18,FW,RODRIGUEZ Brian,B. Rodriguez,Rodriguez Brian,SI,Paul Brian,RODRÍGUEZ BRAVO,B. RODRIGUEZ,wc2026-URU-18,Cambio de nombre,
URU,Uruguay,19,FW,AGUIRRE Rodrigo,R. Aguirre,Aguirre Rodrigo,SI,Rodrigo Sebastian,AGUIRRE SOTO,R. AGUIRRE,wc2026-URU-19,Cambio de nombre,
URU,Uruguay,20,MF,ARAUJO Maxi,M. Araujo,Araujo Maxi,SI,Maximiliano Javier,ARAÚJO VILCHES,M. ARAUJO,wc2026-URU-20,Cambio de nombre,
URU,Uruguay,21,FW,VINAS Federico,F. Viñas,Vinas Federico,SI,Federico Sebastian,VIÑAS BARBOZA,F. VIÑAS,wc2026-URU-21,Cambio de nombre,
URU,Uruguay,22,MF,PIQUEREZ Joaquin,J. Piquerez,Piquerez Joaquin,SI,Joaquin,PIQUEREZ MOREIRA,J. PIQUEREZ,wc2026-URU-22,Cambio de nombre,
URU,Uruguay,23,GK,MUSLERA Fernando,F. Muslera,Muslera Fernando,SI,Nestor Fernando,MUSLERA MICOL,F. MUSLERA,wc2026-URU-23,Cambio de nombre,
URU,Uruguay,24,DF,BUENO Santiago,S. Bueno,Bueno Santiago,SI,Santiago Ignacio,BUENO SCIUTTO,S. BUENO,wc2026-URU-24,Cambio de nombre,
URU,Uruguay,25,MF,SANABRIA Juan Manuel,J.m. Sanabria,Sanabria Juan Manuel,SI,Juan Manuel,SANABRIA MAGOLÉ,J.M. SANABRIA,wc2026-URU-25,Cambio de nombre,
URU,Uruguay,26,MF,ZALAZAR Rodrigo,R. Zalazar,Zalazar Rodrigo,SI,Radrigo,ZALAZAR MARTINEZ,R. ZALAZAR,wc2026-URU-26,Cambio de nombre,
USA,US,1,GK,TURNER Matt,Matthew Turner,Turner Matt,SI,Matthew Charles,TURNER,TURNER,wc2026-USA-1,Cambio de nombre,
USA,US,2,DF,DEST Sergino,Sergiño Dest,Dest Sergino,SI,Sergiño Gianni,DEST,DEST,wc2026-USA-2,Cambio de nombre,
USA,US,3,DF,RICHARDS Chris,Christopher Richards,Richards Chris,SI,Christopher Jeffrey,RICHARDS,RICHARDS,wc2026-USA-3,Cambio de nombre,
USA,US,4,MF,ADAMS Tyler,Tyler Adams,Adams Tyler,SI,Tyler Shaan,ADAMS,ADAMS,wc2026-USA-4,Cambio de nombre,
USA,US,5,DF,ROBINSON Antonee,A. Robinson,Robinson Antonee,SI,Antonee,ROBINSON,A. ROBINSON,wc2026-USA-5,Cambio de nombre,
USA,US,6,DF,TRUSTY Auston,Auston Trusty,Trusty Auston,SI,Auston Levi-Jesaiah,TRUSTY,TRUSTY,wc2026-USA-6,Cambio de nombre,
USA,US,7,MF,REYNA Giovanni,Giovanni Reyna,Reyna Giovanni,SI,Giovanni Alejandro,REYNA,REYNA,wc2026-USA-7,Cambio de nombre,
USA,US,8,MF,McKENNIE Weston,Weston Mckennie,Mckennie Weston,SI,Weston James Earl,MC KENNIE,MCKENNIE,wc2026-USA-8,Cambio de nombre,
USA,US,9,FW,PEPI Ricardo,Ricardo Pepi,Pepi Ricardo,SI,Ricardo Daniel,PEPI,PEPI,wc2026-USA-9,Cambio de nombre,
USA,US,10,FW,PULISIC Christian,Christian Pulisic,Pulisic Christian,SI,Christian Mate,PULISIC,PULISIC,wc2026-USA-10,Cambio de nombre,
USA,US,11,FW,AARONSON Brenden,Brenden Aaronson,Aaronson Brenden,SI,Brenden Russell,AARONSON,AARONSON,wc2026-USA-11,Cambio de nombre,
USA,US,12,DF,ROBINSON Miles,M. Robinson,Robinson Miles,SI,Miles Gordon,ROBINSON,M. ROBINSON,wc2026-USA-12,Cambio de nombre,
USA,US,13,DF,REAM Tim,Timothy Ream,Ream Tim,SI,Timothy Michael,REAM,REAM,wc2026-USA-13,Cambio de nombre,
USA,US,14,MF,BERHALTER Sebastian,Sebastian Berhalter,Berhalter Sebastian,SI,Sebastian Matthew,BERHALTER,BERHALTER,wc2026-USA-14,Cambio de nombre,
USA,US,15,MF,ROLDAN Cristian,Cristian Roldan,Roldan Cristian,SI,Cristian,ROLDAN,ROLDAN,wc2026-USA-15,Cambio de nombre,
USA,US,16,DF,FREEMAN Alex,Alexander Freeman,Freeman Alex,SI,Alexander Michael,FREEMAN,FREEMAN,wc2026-USA-16,Cambio de nombre,
USA,US,17,MF,TILLMAN Malik,Malik Tillman,Tillman Malik,SI,Malik Leon,TILLMAN,TILLMAN,wc2026-USA-17,Cambio de nombre,
USA,US,18,DF,ARFSTEN Max,Maximilian Arfsten,Arfsten Max,SI,Maximilian Michael,ARFSTEN,ARFSTEN,wc2026-USA-18,Cambio de nombre,
USA,US,19,FW,WRIGHT Haji,Haji Wright,Wright Haji,SI,Haji Amir,WRIGHT,WRIGHT,wc2026-USA-19,Cambio de nombre,
USA,US,20,FW,BALOGUN Folarin,Folarin Balogun,Balogun Folarin,SI,Folarin Jolaoluwa,BALOGUN,BALOGUN,wc2026-USA-20,Cambio de nombre,
USA,US,21,FW,WEAH Timothy,Timothy Weah,Weah Timothy,SI,Timothy Tarpeh,WEAH,WEAH,wc2026-USA-21,Cambio de nombre,
USA,US,22,DF,McKENZIE Mark,Mark Mckenzie,Mckenzie Mark,SI,Mark Alexander,MCKENZIE,MCKENZIE,wc2026-USA-22,Cambio de nombre,
USA,US,23,DF,SCALLY Joe,Joseph Scally,Scally Joe,SI,Joseph Michael,SCALLY,SCALLY,wc2026-USA-23,Cambio de nombre,
USA,US,24,GK,FREESE Matt,Matthew Freese,Freese Matt,SI,Matthew Andrew Geary,FREESE,FREESE,wc2026-USA-24,Cambio de nombre,
USA,US,25,GK,BRADY Chris,Christopher Brady,Brady Chris,SI,Christopher Keith,BRADY,BRADY,wc2026-USA-25,Cambio de nombre,
USA,US,26,FW,ZENDEJAS Alex,Alejandro Zendejas,Zendejas Alex,SI,Alejandro,ZENDEJAS SAAVEDRA,ZENDEJAS,wc2026-USA-26,Cambio de nombre,
UZB,Uzbekistan,1,GK,YUSUPOV Utkir,Utkir Yusupov,Yusupov Utkir,SI,Utkir,YUSUPOV,YUSUPOV,wc2026-UZB-1,Cambio de nombre,
UZB,Uzbekistan,2,DF,KHUSANOV Abdukodir,Abdukodir Khusanov,Khusanov Abdukodir,SI,Abdukodir,KHUSANOV,KHUSANOV,wc2026-UZB-2,Cambio de nombre,
UZB,Uzbekistan,3,DF,ALIJONOV Khojiakbar,Khojiakbar Alijonov,Alijonov Khojiakbar,SI,Khojiakbar,ALIJONOV,ALIJONOV,wc2026-UZB-3,Cambio de nombre,
UZB,Uzbekistan,4,DF,SAYFIEV Farrukh,Farrukh Sayfiev,Sayfiev Farrukh,SI,Farrukh,SAYFIEV,SAYFIEV,wc2026-UZB-4,Cambio de nombre,
UZB,Uzbekistan,5,DF,ASHURMATOV Rustam,Rustamjon Ashurmatov,Ashurmatov Rustam,SI,Rustamjon,ASHURMATOV,ASHURMATOV,wc2026-UZB-5,Cambio de nombre,
UZB,Uzbekistan,6,MF,MOZGOVOY Akmal,Akmal Mozgovoy,Mozgovoy Akmal,SI,Akmal,MOZGOVOY,MOZGOVOY,wc2026-UZB-6,Cambio de nombre,
UZB,Uzbekistan,7,MF,SHUKUROV Otabek,Otabek Shukurov,Shukurov Otabek,SI,Otabek,SHUKUROV,SHUKUROV,wc2026-UZB-7,Cambio de nombre,
UZB,Uzbekistan,8,MF,ISKANDEROV Jamshid,Jamshid Iskanderov,Iskanderov Jamshid,SI,Jamshid,ISKANDEROV,ISKANDEROV,wc2026-UZB-8,Cambio de nombre,
UZB,Uzbekistan,9,MF,XAMROBEKOV Odiljon,Odiljon Xamrobekov,Xamrobekov Odiljon,SI,Odiljon,XAMROBEKOV,XAMROBEKOV,wc2026-UZB-9,Cambio de nombre,
UZB,Uzbekistan,10,MF,MASHARIPOV Jaloliddin,Jaloliddin Masharipov,Masharipov Jaloliddin,SI,Jaloliddin,MASHARIPOV,MASHARIPOV,wc2026-UZB-10,Cambio de nombre,
UZB,Uzbekistan,11,MF,URUNOV Oston,Oston Urunov,Urunov Oston,SI,Oston,URUNOV,URUNOV,wc2026-UZB-11,Cambio de nombre,
UZB,Uzbekistan,12,GK,NEMATOV Abduvohid,Abduvakhid Nematov,Nematov Abduvohid,SI,Abduvakhid,NEMATOV,NEMATOV,wc2026-UZB-12,Cambio de nombre,
UZB,Uzbekistan,13,DF,NASRULLAEV Sherzod,Sherzod Nasrullaev,Nasrullaev Sherzod,SI,Sherzod,NASRULLAEV,NASRULLAEV,wc2026-UZB-13,Cambio de nombre,
UZB,Uzbekistan,14,FW,SHOMURODOV Eldor,Eldor Shomurodov,Shomurodov Eldor,SI,Eldor,SHOMURODOV,SHOMURODOV,wc2026-UZB-14,Cambio de nombre,
UZB,Uzbekistan,15,DF,ESHMURODOV Umar,Umarbek Eshmurodov,Eshmurodov Umar,SI,Umarbek,ESHMURODOV,ESHMURODOV,wc2026-UZB-15,Cambio de nombre,
UZB,Uzbekistan,16,GK,ERGASHEV Botirali,Botirali Ergashev,Ergashev Botirali,SI,Botirali,ERGASHEV,ERGASHEV,wc2026-UZB-16,Cambio de nombre,
UZB,Uzbekistan,17,MF,KHAMDAMOV Dostonbek,Dostonbek Khamdamov,Khamdamov Dostonbek,SI,Dostonbek,KHAMDAMOV,KHAMDAMOV,wc2026-UZB-17,Cambio de nombre,
UZB,Uzbekistan,18,DF,ABDULLAEV Abdulla,Abdulla Abdullaev,Abdullaev Abdulla,SI,Abdulla,ABDULLAEV,ABDULLAEV,wc2026-UZB-18,Cambio de nombre,
UZB,Uzbekistan,19,MF,GANIEV Azizjon,Azizjon Ganiev,Ganiev Azizjon,SI,Azizjon,GANIEV,GANIEV,wc2026-UZB-19,Cambio de nombre,
UZB,Uzbekistan,20,FW,AMONOV Azizbek,Azizbek Amonov,Amonov Azizbek,SI,Azizbek,AMONOV,AMONOV,wc2026-UZB-20,Cambio de nombre,
UZB,Uzbekistan,21,FW,SERGEEV Igor,Igor Sergeev,Sergeev Igor,SI,Igor,SERGEEV,SERGEEV,wc2026-UZB-21,Cambio de nombre,
UZB,Uzbekistan,22,MF,FAYZULLAEV Abbosbek,Abbosbek Fayzullaev,Fayzullaev Abbosbek,SI,Abbosbek,FAYZULLAEV,FAYZULLAEV,wc2026-UZB-22,Cambio de nombre,
UZB,Uzbekistan,23,MF,ESANOV Sherzod,Sherzod Esanov,Esanov Sherzod,SI,Sherzod,ESANOV,ESANOV,wc2026-UZB-23,Cambio de nombre,
UZB,Uzbekistan,24,DF,KARIMOV Behruzjon,Behruzjon Karimov,Karimov Behruzjon,SI,Behruzjon,KARIMOV,KARIMOV,wc2026-UZB-24,Cambio de nombre,
UZB,Uzbekistan,25,DF,ULMASALIYEV Avazbek,Avazbek Ulmasaliyev,Ulmasaliyev Avazbek,SI,Avazbek,ULMASALIYEV,ULMASALIYEV,wc2026-UZB-25,Cambio de nombre,
UZB,Uzbekistan,26,DF,UROZOV Jakhongir,Jakhongir Urozov,Urozov Jakhongir,SI,Jakhongir,UROZOV,UROZOV,wc2026-UZB-26,Cambio de nombre,